subject,body,answer,type,queue,priority,language,version,tag_1,tag_2,tag_3,tag_4,tag_5,tag_6,tag_7,tag_8
Frage zu Medizinischen Datensicherheitsdienstleistungen,"Kontaktieren Sie uns, um medizinische Datensicherheitsdienstleistungen zu erörtern, insbesondere die Überprüfung von medizinischen Anbietern und Hospital-IT-Systemen. Bitte geben Sie detaillierte Informationen zu den Sicherheitsmaßnahmen an, z.B. Verschlüsselung und Zugriffssteuerung. Wir freuen uns auf die Möglichkeit, Ihnen Informationen zu unseren Dienstleistungen und wie wir den Schutz sensibler medizinischer Daten ermöglichen, zu geben.","Sehr geehrte [Name], vielen Dank für Ihre Anfrage bezüglich unserer medizinischen Datensicherheitsdienstleistungen. Wir bieten eine Reihe von Maßnahmen an, einschließlich Verschlüsselung und Zugriffssteuerung, um sensible medizinische Daten zu schützen. Wir sind bereit, unsere Dienstleistungen weiter zu erläutern und Ihnen zusätzliche Informationen zu geben. Bitte kontaktieren Sie uns telefonisch, um weitere Inhalte zu besprechen. Wir freuen uns auf eine convenient Zeit für den Telefonanruf und die Besprechung der verfügbaren Optionen: <tel_num> und <acc_num>. ",Request,Customer Service,medium,de,400,Security,IT,Tech Support,Documentation,,,,
Proper Measures for Safeguarding Medical Data,Request details on securing medical data with Surface Pro and SQL Server integration.,"Thank you for your concern regarding the security of medical data. To ensure the proper security of medical data in your Surface Pro and SQL Server integration, we recommend enabling encryption and secure authentication. Please provide us with details about your current setup and configuration so we can offer specific guidance and recommendations. We prefer to discuss this further over a call at <tel_num>.",Request,General Inquiry,low,en,400,Security,IT,Tech Support,,,,,
Integration von Smartsheet mit Discord für Projektmanagement,"Sehr geehrte Kundensupport, ich möchte mich mit der Frage des Zusammenhangs zwischen Smartsheet und Discord für den Projektmanagementzweck auseinandersetzen. Könnten Sie mehr Informationen zum Thema liefern? Ich würde gerne wissen, welche Schritte notwendig sind, um die Integration aufzubauen, welche potenziellen Vorteile und Nachteile es gibt, sowie welche spezifischen Anforderungen und Einschränkungen zu beachten sind. Zudem wäre ich dankbar für Anleitungen zur Behebung häufig auftretender Probleme während der Integrationsphase. Ich freue mich auf Ihre Rückmeldung und danke Ihnen im Voraus für Ihre Unterstützung. Ich freue mich darauf, bald von Ihnen zu hören.","Wir werden Ihnen Informationen zur Integration von Smartsheet mit Discord im Zusammenhang mit Projektmanagement liefern, einschließlich einer Schritt-für-Schritt-Anleitung, möglicher Vorteile und Rat zur Fehlerbehebung häufig auftretender Probleme während der Integrationsphase. Wenn Sie weitere Themen ausflüchten möchten, können Sie uns gerne anrufen. <tel_num>",Request,Customer Service,low,de,400,Feature,Documentation,Tech Support,,,,,
Guidance on Securing Medical Data Solutions,"Could you please provide guidance on securing medical data hospital solutions? It is crucial to protect patient information and ensure confidentiality. I would greatly appreciate any tips or practices that could be offered. Thank you for your time and assistance, as this matter is important to us. We look forward to hearing from you soon.","Dear [Name], we appreciate your interest in securing medical data hospital solutions. To protect patient information and ensure confidentiality, we recommend implementing robust access controls, encrypting sensitive data, and regularly updating software systems. Additionally, our solutions offer advanced features such as audit trails and secure data storage. For specific guidance, we would be happy to discuss your particular needs and provide tailored advice. We would like to arrange a call at your convenience to discuss further.",Request,Customer Service,high,en,400,Security,Documentation,IT,Tech Support,,,,
Marketing Agency Malfunction,The campaigns did not achieve the anticipated brand expansion due to problems with integration.,We apologize for the issue. Kindly provide details regarding the integration problems so we can investigate and resolve the campaign failure.,Incident,Product Support,high,en,52,Bug,Disruption,Outage,Integration,Marketing,,,
Data Protection Request,"Please request improvements to data protection measures for secure management of sensitive patient medication data in hospital IT systems. It is crucial to ensure the confidentiality, integrity, and availability of sensitive patient data. It would be welcome if you could focus on implementing robust security protocols such as encryption, access control, and regular security audits. Additionally, the provision of training for hospital staff on data security practices would be an advantage. I believe these measures will contribute to preventing potential data breaches and protecting patient data. I look forward to hearing about the measures that will be taken.","Dear <name>, thank you for your concern regarding data protection measures for secure management of sensitive patient medication data in hospital IT systems. We understand the importance of ensuring the confidentiality, integrity, and availability of sensitive patient data. We will review the current security protocols and consider additional measures such as encryption, access control, and regular security audits. We value the suggestion to provide training for hospital staff on data security practices to ensure they can handle sensitive patient data effectively. We will review your suggestions and report on the measures we will take to address the issue.",Change,General Inquiry,low,de,400,Security,Feedback,IT,,,,,
Problem mit der Skype-Verbindung melden,"Sehr geehrte Kundenservice, wir melden ein Problem mit unserer Skype-Verbindung. Die Kommunikation über Teams wird beeinträchtigt. Das Problem tritt sporadisch auf und besteht trotz unserer Versuche, es zu beheben. Wir haben versucht, den Router neu zu starten und die Firewall-Einstellungen zu überprüfen, jedoch ohne Erfolg. Wir vermuten, dass das Problem mit der Netzwerkverstopfung und den Firewall-Einstellungen zusammenhängt. Wir freuen uns, dass Sie uns bei der Behebung des Problems unterstützen könnten. Teams ist stark abhängig von Skype, und eine Störung verursacht erhebliche Probleme.","Um die Skype-Verbindung zu untersuchen, geben Sie bitte eine gute Zeit an, um angerufen zu werden, um eine Lösung zu finden.",Incident,General Inquiry,medium,de,400,Network,Disruption,Performance,IT,Tech Support,,,
,"Die digitale Kampagnenleistung der Marketingagentur hat unterdurchschnittliche Ergebnisse erzielt, möglicherweise infolge von Änderungen im Algorithmus. Erste Anpassungen bei der Zielgruppenansprache zeigten nur begrenzte Verbesserungen. Eine weitergehende Analyse ist notwendig, um die Ursachen zu identifizieren und eine effektivere Strategie zu entwickeln.","Überprüfung der Kampagnenberichte, Planung eines Anrufs unter <tel_num>, um Probleme zu besprechen. Mögliche nächste Schritte umfassen die Verbesserung der digitalen Kampagnen der Marketingagentur und die Entwicklung einer effizienteren Strategie.",Incident,Customer Service,medium,de,52,Performance,Marketing,Strategy,Analysis,Optimization,,,
,Could you please supply detailed information on the billing options for Digitalkamera ESET NOD32 Antivirus 14? Thank you!,Please provide detailed billing options for Digitalkamera ESET NOD32 Antivirus 14. I will call at a convenient time to discuss this with you.,Request,Billing and Payments,medium,en,400,Billing,Payment,Refund,,,,,
,"Kontaktieren Sie uns, um Informationen über die Verwendung von medizinischen Daten im Netgear Nighthawk Mesh Wi-Fi 6 System zu erhalten. Möchten Sie Details zum Verfahren, wie die Gewährleistung der Vertraulichkeit und Integrität sensibler medizinischer Informationen über das Netzwerk übertragen werden, erfahren? Wir freuen uns, Anleitungen zur Konfiguration zusätzlicher Sicherheitsmaßnahmen zu geben, um die Daten zu schützen. Empfehlen wir, WPA3-Verschlüsselung zu aktivieren und nicht-medizinische Geräte in ein Gastschaltungsnetzwerk zu integrieren. Darüber hinaus sollten Sie in Betracht ziehen, einen virtuellen privaten Netzwerk (VPN) zu konfigurieren, um sicherzustellen, dass die Datenübertragungen sicher sind. Gibt es die Möglichkeit, über die Konfiguration von Netzwerksegmentierung zu sprechen, um den medizinischen Datenerverkehr abzuschirmen? Wir sind bereit, spezifische Anleitungen zur Konfiguration telefonisch zu besprechen. Ein Anruf zur Diskussion der Detailkonfigurationen wäre angemessen.","Wir empfehlen, die Vertraulichkeit und Integrität sensibler medizinischer Informationen im Netgear Nighthawk Mesh Wi-Fi 6 System zu gewährleisten, indem Sie WPA3-Verschlüsselung aktivieren und nicht-medizinische Geräte in ein Gastschaltungsnetzwerk einbinden. Darüber hinaus sollten Sie einen virtuellen privaten Netzwerk (VPN) konfigurieren, um sicherzustellen, dass die Datenübertragungen sicher sind. Gibt es die Möglichkeit, über die Konfiguration von Netzwerksegmentierung zu sprechen, um den medizinischen Datenerverkehr abzuschirmen? Wir sind bereit, spezifische Anleitungen zur Konfiguration telefonisch zu besprechen. Ein Anruf zur Diskussion der Detailkonfigurationen wäre angemessen.",Request,Returns and Exchanges,low,de,400,Security,Network,Hardware,Documentation,,,,
,"geehrte Kundensupport, ich schreibe Ihnen, um einen Vorfall mit uneinheitlichen Antworten im HR-Bereich zu melden. Diese Situation ist entstanden, nachdem sich die Richtlinien für Mitarbeiter-Vorteile geändert haben. Trotz meines Versuchs, die Angelegenheit über E-Mail mit den HR-Mitarbeitern zu klären, konnte ich bisher keine einheitlichen Rückmeldungen erhalten. Ich schätze Ihre Unterstützung und freue mich auf eine klare Erklärung der aktuellen Vorteilsrichtlinie. Bitte geben Sie Bescheid, falls weitere Informationen benötigt werden, um den Fall zu lösen. Vielen Dank für Ihre Unterstützung.","geehrte <name>, vielen Dank, dass Sie die Angelegenheit gemeldet haben. Ich entschuldige mich für die uneinheitlichen Antworten, die Sie erhalten haben, insbesondere in Bezug auf Mitarbeiter-Vorteile. Ich verstehe, dass die kürzlich durchgeführten Richtlinienänderungen einen gewissen Verwirrung verursachen könnten. Um Ihnen besser zu helfen, möchte ich die Details der Situation klären. Könnten Sie bitte die Daten und den Inhalt der E-Mails, die Sie vom HR-Abteilung erhalten haben, mit einem kurzen Überblick zur uneinheitlichen Antwort zukommen lassen? Diese Informationen werden der Untersuchung des Falles sehr helfen. Falls weitere Informationen erforderlich sein sollten, um den Fall zu lösen, werde ich Sie rechtzeitig informieren. Vielen Dank für Ihre Geduld und Unterstützung.",Incident,Human Resources,low,de,400,Feedback,Support,Documentation,Employee,,,,
,"geehrte Kundenservice, angesichts der Herausforderungen im Bereich Markenwachstums- und digitale Strategieeffektivität, bemerke ich, dass die Leistungsmaße, Inhaltsstrategien und Werkzeugfunktionalitäten analysiert wurden. Allerdings ist das Fortschreiten immer noch begrenzt. Ich kämpfe mit ineffizientem Werkzeugnutzen und unzureichender Werkzeugintegration in Bezug auf die Produktpalette. Bitte teilen Sie mir Anleitungen zur Verbesserung und die Überwindung dieser Herausforderungen mit, um die Situation zu verbessern.","geehrter <name>, vielen Dank, dass Sie sich an unser Kundenservice-Team wenden. Ich verstehe, dass Sie sich mit den bestehenden Herausforderungen im Bereich Markenwachstums- und digitale Strategieeffektivität beschäftigen. Obwohl Leistungsmaße und Inhaltsstrategien überarbeitet wurden und Werkzeugfunktionalitäten analysiert wurden, ist das Fortschreiten immer noch begrenzt. Um die Situation besser zu verstehen, könnten Sie bitte mehr Details über die spezifischen Werkzeuge und die Integration in die Produktpalette geben, die Sie verwenden möchten. Das ermöglicht es mir, spezifischere Empfehlungen zu geben, die die digitale Strategie verbessern und dadurch die Effizienzprobleme beheben.",Incident,Customer Service,medium,de,400,Feedback,Product,Feature,Documentation,,,,
Bericht über Serverüberlastung,"Benutzer berichten von Verzögerungen im System und Fehlern während Stoßzeiten, wahrscheinlich aufgrund einer Serverüberlastung. Es wurden Versuche unternommen, Dienste neu zu starten und den Cache zu leeren, doch das Problem besteht weiterhin. Es ist zusätzliche Unterstützung erforderlich, um die Ursache zu beheben.","Untersuchung des Serverüberlastungsproblems durchführen, Kontakt aufnehmen und weitere Fehlerbehebungen sowie Lösungsmöglichkeiten besprechen.",Incident,Sales and Pre-Sales,medium,de,52,Performance,Outage,Disruption,Hardware,IT,Tech Support,,
Request for Support with Keras on Azure,"Customer requires assistance with integrating Keras into their Microsoft Azure investment data analytics project. Could you please provide detailed, step-by-step instructions on how to utilize Keras within Azure for data analysis? Additional resources or documentation to streamline this process would be highly appreciated. Thank you for your time and support. I look forward to your prompt response.","<name> is happy to assist with integrating Keras into Microsoft Azure investment data analytics. To begin, I recommend consulting the official Azure documentation, which offers comprehensive guidance on deploying Keras models on Azure. You can also find detailed step-by-step instructions on the Azure Machine Learning website. For additional resources, visit the Azure portal and search for Keras tutorials and documentation. If you have specific questions or need further assistance, please let us know.",Request,Sales and Pre-Sales,high,en,52,IT,Tech Support,Documentation,Support,Analytics,,,
Unapproved access tries medical data networks,noted unapproved access tries,regard this matter seriously and investigate right away. please supply details on the access tries and contact <tel_num> to discuss and take necessary steps to secure the systems.,Incident,Product Support,low,en,400,Security,Network,Alert,,,,,
Support-Anfrage zur Datenexposition,"Sehr geehrter Kundenservice, ich möchte Ihre Aufmerksamkeit auf ein kritisches Problem lenken, das bei einem Gesundheitsdienstleister aufgetreten ist. Es besteht der Verdacht auf eine potenzielle Datenexposition, die mehrere Softwaregeräte betrifft. Wir führen darauf zurück, eine Schwachstelle im Wireless-Adapter. Unser IT-Team hat bereits versucht, das Problem durch Geräte-Resets und Software-Updates zu beheben, jedoch waren diese Maßnahmen erfolglos. Das Problem besteht weiterhin, was uns bezüglich möglicher Risiken für die Datenintegrität unserer Systeme beunruhigt. Wir wären dankbar für eine Anleitung oder Unterstützung, um das Problem so schnell wie möglich zu lösen.","Sehr geehrter <Name>, vielen Dank, dass Sie uns bezüglich des möglichen Problems der Datenexposition kontaktiert haben. Gerne besprechen wir die Angelegenheit, um den besten Vorgehensplan zu erarbeiten. Könnten Sie bitte weitere Details zu den Wireless-Adapter sowie den betroffenen Softwaregeräten bereitstellen? Wir müssten Sie anrufen, um zusätzliche Informationen zu sammeln. Wäre <Time> eine passende Zeit für einen Anruf unter <tel_num>?",Incident,Human Resources,medium,de,52,Security,Data Exposure,Software,Vulnerability,Hardware,Outage,,
Enhancing Digital Brand Development,"Customer Support, I am seeking information on digital marketing strategies to enhance brand growth. Could you share details about the different approaches available within your various marketing service packages? I am interested in understanding what specific services are included, such as social media management, content creation, and search engine optimization. Moreover, it would be helpful to know about pricing, discounts, and package options.",Please provide details about your digital marketing packages. Kindly allow a call at your convenience to discuss this further.,Request,Sales and Pre-Sales,low,en,52,Marketing,Brand Development,Digital Strategy,Social Media,Customer Support,Service Packages,,
Issue with Health Data,"Potential data breach in the hospital's IT systems due to outdated software and weak access controls. Software has been updated, passwords strengthened, and basic security checks performed, but with limited success.",Please provide additional details to promptly investigate and resolve the health data issue.,Problem,General Inquiry,low,de,52,Security,Data Breach,IT,Tech Support,,,,
Several Product Failures Due to Reported System Conflicts,"The marketing firm encountered numerous product failures. The first steps taken included rebooting devices and verifying connections, but the problems continue. We request support to resolve these issues as quickly as possible.","<name>,\n\nWe apologize for the inconvenience caused by the multiple product failures experienced by the marketing firm. Thank you for attempting initial troubleshooting steps such as restarting devices and checking connections. To assist you effectively in resolving these issues promptly,\n\nplease provide detailed information about the malfunctions, including which specific products are affected, the exact nature of the problems, and any error messages displayed. Could you kindly share a comprehensive description of the issues you're facing?",Incident,IT Support,low,en,52,Bug,Hardware,Performance,Disruption,Recovery,Support,,
,"geehrte Kundensupport, ich melde ein Ereignis zur Aufmerksamkeit. Es gibt Probleme mit uneinheitlichen Antworten des Personalabteilungs bezüglich Mitarbeiterleistungen. Trotz meiner Versuche, die Angelegenheit per E-Mail klären zu, konnte ich keine einheitliche Rückmeldung erhalten. Ich freue mich darauf, eine klare Erklärung der aktuellen Leistungsrichtlinien zu erhalten. Bitte lassen Sie mich wissen, falls weitere Informationen benötigt werden, um die Angelegenheit zu klären. Vielen Dank für Ihre Unterstützung. Ich freue mich darauf, von Ihnen zu hören.","geehrte <name>, vielen Dank für Ihre Aufmerksamkeit. Entschuldigung für die uneinheitlichen Antworten bezüglich Mitarbeiterleistungen. Verstehe, dass die neue Richtlinieneinnahme möglicherweise Verwirrung verursacht hat. Um Ihnen besser zu helfen, bitte ich Sie, die Daten der E-Mails an das Personalabteilung sowie einen kurzen Überblick über die uneinheitlichen Antworten bereitzustellen, die Sie erhalten haben. Diese Informationen werden mir helfen, die Angelegenheit zu untersuchen. Falls weitere Informationen erforderlich sind, um die Angelegenheit zu klären, lassen Sie es mich wissen. Ich schätze Ihre Geduld.",Incident,Human Resources,low,de,400,HR,Employee,Feedback,Notification,,,,
,"Gehörte Kundenservice, ich schreibe Ihnen, um Fehler im Projektleitungssystem zu melden. Es tritt abwechselnd auf Gipfelzeiten Ausfälle auf, die möglicherweise auf Überlastung des Servers oder Netzwerkproblemen zurückzuführen sind. Trotz unserer Bemühungen, den Server zu optimieren und die Ressourcen zu erhöhen, beharrt das Problem weiterhin. Ich schätze Ihr Eingreifen, um die Lösung in der kürzesten Zeit zu untersuchen und anzubieten. Bitte informieren Sie mich, falls zusätzliche Informationen erforderlich sind, um die Untersuchung voranzutreiben. Ich stehe Ihnen gerne zur Verfügung, um notwendige Details zu besprechen.","Gehörte [Name], wir haben Ihre E-Mail zur Meldung des Problems mit dem Projektleitungssystem erhalten. Wir werden die abwechselnd auftretenden Ausfallprobleme untersuchen. Um die Untersuchung zu unterstützen, bitten wir Sie, mehr Details zu den Fehlermeldungen und den genauen Zeiten der Ausfälle bereitzustellen. Bald werden wir Sie kontaktieren, um die notwendigen Details zu besprechen.",Problem,Returns and Exchanges,medium,de,400,Bug,Outage,Disruption,Network,Performance,IT,Tech Support,
,Seeking assistance for the process of integrating ClickUp and Smartsheet to enhance project management efficiency. Would greatly appreciate step-by-step instructions or recommended resources to facilitate this integration. Any help in improving our project management workflow would be highly valued.,We can provide guidance on integrating ClickUp and Smartsheet. Please provide your preferred time for a call so we can discuss the steps and resources needed for a seamless integration.,Request,IT Support,high,en,400,Feedback,Documentation,IT,Tech Support,,,,
,"Customer Support, I am interested in learning about investment optimization services that utilize data analytics. Could you provide detailed information regarding billing and payment options for these services? I would like to know the accepted payment methods, any discounts available for long-term commitments, and any additional fees associated with the services. I look forward to your response as I explore how these services can help optimize my investments. Thank you for your time and assistance. Sincerely, [Your Name]",We offer a variety of payment options and discounts for long-term commitments. Please feel free to give us a call at your convenience to discuss the details and address any questions you may have regarding our investment optimization services.,Request,Billing and Payments,medium,en,52,Billing,Payment,Discount,Service,Customer Support,Investment,Analytics,Long-term Commitment
Notification of Data Breach in Healthcare Systems,"Healthcare systems have reported experiencing a data breach, resulting in the compromise of sensitive medical information. The breach may have occurred due to vulnerabilities in outdated security protocols and software. Despite updating antivirus software and ensuring system patches are in place, initial scans have not resolved the issue. Assistance is needed to identify the root cause and implement a solution to prevent future breaches.",Assign a specialist to investigate the data breach. Contact +1-800-123-4567 to discuss the steps required to resolve the issue and schedule a call.,Problem,IT Support,high,en,400,Security,Notification,Alert,Bug,Virus,Performance,,
Hilfe bei möglichen Datenschutzverletzungen erforderlich,"Es wurde ein potenzielles Datenschutzzwischenfall im IT-System des Krankenhauses identifiziert, was möglicherweise auf veraltete Sicherheitsprotokolle zurückzuführen sein könnte. Anfängliche Untersuchungen deuten darauf hin, dass fehlende Verschlüsselungsmethoden und das Fehlen regelmäßiger Sicherheitsupdates als mögliche Ursachen in Betracht gezogen werden müssen.","Sehr geehrte/r [Name], wir nehmen die Bedenken hinsichtlich eines potenziellen Datenschutzzwischenfalls im IT-System des Krankenhauses ernst und stehen Ihnen zur Verfügung, um die Angelegenheit effektiv zu bewältigen. Um die Situation besser zu verstehen und Ihnen die optimale Unterstützung zu gewähren, bitten wir Sie, uns mehr Informationen zur Verfügung zu stellen, die sich auf die anfänglichen Untersuchungen und die aktuelle Sicherheitslage beziehen. Falls erforderlich, können wir eine Telefonkonferenz vereinbaren (Tel.: [Telefonnummer]) und darauf eingehen. Bitte teilen Sie uns geeignete Termine mit. Wir sind bereit, die mögliche Verletzung zu behandeln und das Sicherheitsniveau des IT-Systems zu verbessern.",Incident,Human Resources,medium,de,400,Security,Bug,IT,Tech Support,,,,
Angebotene Unterstützung bei Schwierigkeiten mit der Skype-Verbindung,"Sehr geehrte Kundensupport, wir möchten Sie über ein Problem mit unserer Skype-Verbindung informieren. Die Kommunikation im Team ist stark beeinträchtigt. Wir haben versucht, das Problem durch Neustart des Routers und Überprüfung der Firewall-Konfiguration zu beheben, aber das Problem behält sich beständig beständig. Wir vermuten, dass die Ursache in der Netzwerkverkehrsbelastung oder den Firewall-Einstellungen liegt. Wir schätzen, dass Lösungen bald gefunden werden könnten.","Um die Skype-Verbindung zu untersuchen, bitten wir um eine gute Zeit zum Telefonat. Bitte rufen Sie uns unter <tel_num> an, um weitere Maßnahmen und Lösungen besprechen zu können.",Incident,General Inquiry,medium,de,400,Network,Performance,Disruption,Tech Support,,,,
Enhancing Investment Tactics with MATLAB,Would you like to know more about optimizing investment tactics using MATLAB R2021a data analytics services to potentially enhance returns?,"I can supply you with detailed information on optimizing investment tactics using MATLAB R2021a data analytics services. Please provide specific details and, if possible, your account number and context of your current investment strategy. This will enable me to offer tailored assistance. Additionally, let's arrange a convenient call to discuss further.",Request,Returns and Exchanges,high,en,400,Feature,Documentation,IT,Tech Support,,,,
Problems with MacBook Pro in Notion,"The financial firm is experiencing issues with their MacBook Pro while analyzing data in Notion. Potential causes include software conflicts and resource limitations. The team has tried restarting the device and checking for software updates, which did not resolve the problem. They require assistance to solve the issue and improve performance.",We can assist you with the MacBook Pro issues in Notion. Please provide more details about the performance problems and any error messages or specific symptoms you're experiencing. Let's plan a call at a convenient time to discuss and find a solution.,Problem,Product Support,high,de,400,Bug,Performance,IT,Tech Support,,,,
Update der Projektmanagement-Software,Anfrage zur Aktualisierung der Software umfassender Kompatibilität mit IntelliJ IDEA-Tools und Verbesserung der Leistung sowie Effizienz.,Anfrage zur Aktualisierung der Projektmanagement-Software wird bearbeitet. Das IT-Team wird die Verbesserung der Kompatibilität prüfen und die notwendigen Änderungen vornehmen.,Change,Returns and Exchanges,low,de,400,Feature,Performance,Feedback,IT,,,,
Verbesserung digitaler Wachstumsstrategien mit Microsoft Translator und GitHub,"Sehr geehrte Kundenservice, ich möchte mich erkundigen, wie wir unsere digitalen Wachstumsstrategien mit Microsoft Translator und GitHub optimieren können. Könnten Sie mehr Details zu den Werkzeugen geben, die zur Verbesserung der Online-Präsenz und der Erreichung einer breiteren Zielgruppe eingesetzt werden? Ich freue mich darauf, Rat zu erhalten, wie wir Microsoft Translator für die Sprachunterstützung integrieren und GitHub für die Entwicklung und die Zusammenarbeit nutzen können, um Arbeitsablaufprozesse zu vereinfachen und Produktivität zu verbessern. Zudem würde ich gerne erfahren, welche besten Praktiken und Erfolgsstorys Sie empfehlen könnten, um die Aufbau von Wachstumsstrategien zu unterstützen.","Sehr geehrte [Name], vielen Dank für Ihr Kontaktanliegen bezüglich der Optimierung der digitalen Wachstumsstrategien mit Microsoft Translator und GitHub. Wir können Ihnen gerne Rat geben und erklären, welche Werkzeuge zur Verbesserung der Online-Präsenz und der Erreichung einer breiteren Zielgruppe eingesetzt werden können. Microsoft Translator bietet eine globale Sprachunterstützung, die die Erreichung einer breiteren Zielgruppe ermöglicht, während die Integration von GitHub in die Entwicklung und Zusammenarbeit Arbeitsablaufprozesse vereinfachen und Produktivität erhöhen kann. Für weitere Informationen zu besten Praktiken und Erfolgsstorys zur Unterstützung des Aufbaus von Wachstumsstrategien, wäre ein Anruf sehr willkommen. Wir freuen uns darauf, Sie telefonisch zu beraten.",Request,IT Support,high,de,400,Feedback,Product,Feature,IT,Tech Support,,,
Data Analytics Platform Issue,"The data analytics platform experienced a slowdown, likely due to server overload or software bugs. Systems were restarted, cache was cleared, and server loads were checked, which resolved the problem. The team is working diligently to prevent future occurrences and to ensure the platform's optimal performance. We appreciate your patience and understanding as we continue to monitor the situation. If you have any questions or concerns, please do not hesitate to contact us.","<name>, thank you for reaching out regarding the data analytics platform issue. We apologize for any inconvenience caused and appreciate the steps our team has taken to resolve the problem, including restarting systems, clearing cache, and checking server loads. We're glad to hear that measures are in place to prevent future issues. If you need further assistance or have questions, please feel free to contact us at <tel_num> or reply via email. We would be happy to discuss and provide any necessary support.",Incident,Returns and Exchanges,low,en,52,Performance,Bug,System,Outage,,,,
Unerwartiger Ausfall unserer SaaS-Plattform heute,"Sehr geehrter Kundenservice, wir möchten Sie darüber informieren, dass unsere SaaS-Plattform unerwartet ausgefallen ist. Vermutlich wurde dies durch eine Serverüberlastung infolge eines Konfigurationsfehlers verursacht. Unser Team hat schnell reagiert, den Server neu gestartet, die Ressourcen erhöht und die Situation genau überwacht, um das Problem zügig zu beheben. Die ergriffenen Maßnahmen haben die Plattform stabilisiert. Wir führen derzeit Diagnosen durch, um ähnliche Vorfälle in Zukunft zu verhindern. Wir entschuldigen uns für eventuelle Unannehmlichkeiten und danken für Ihr Verständnis. Wir arbeiten kontinuierlich daran, die Zuverlässigkeit unseres Dienstes zu verbessern.","<name>, vielen Dank, dass Sie uns bezüglich des unerwarteten Ausfalls unserer SaaS-Plattform kontaktiert haben. Wir schätzen die schnelle Reaktion unseres Teams und die ergriffenen Maßnahmen zur Stabilisierung der Plattform sehr. Wir verstehen, dass die Ursache wahrscheinlich auf eine Serverüberlastung aufgrund eines Konfigurationsfehlers zurückzuführen ist. Es freut uns zu hören, dass Diagnosen durchgeführt werden, um zukünftige Vorfälle zu verhindern. Falls Sie weitere Fragen haben oder Unterstützung benötigen, zögern Sie bitte nicht, <tel_num> zu kontaktieren oder uns per E-Mail zu antworten. Wir danken für Ihr Verständnis und freuen uns auf die weitere Zusammenarbeit.",Incident,Technical Support,high,de,52,Outage,Disruption,Recovery,Performance,,,,
,"Dear customer support, I am keen to learn about digital strategies for tech products. Could you offer some insights on strategies that could enhance brand growth? I would greatly appreciate information on the latest trends and practices to help me make informed decisions for my business. Thank you for your assistance, and I look forward to hearing back soon.","<name>, we would be happy to assist with digital strategies for tech products. Please allow us to contact you at your convenience to discuss the latest trends and practices that can enhance brand growth. We would be available to call you at <tel_num> to discuss the details further.",Request,Customer Service,medium,en,400,Feedback,Product,Feature,Tech Support,,,,
Seeking to Update Feature Compatibility Across Products,"Initiating request to update feature compatibility across impacted products with the aim of enhancing integration and user experience, thereby optimizing project management and significantly boosting workflow productivity.",Acknowledged request to update feature compatibility across products to enhance integration and user experience in project management. The request will be forwarded to the development team for review. Please expect further communication for additional discussion.,Change,Sales and Pre-Sales,low,en,400,Feature,Product,Feedback,,,,,
,"Hello Customer Support, I am inquiring about data analytics solutions for investment optimization. Could you provide information on the types of analytics tools that are available to assist in making informed investment decisions? I am particularly interested in learning about the data visualization capabilities that can be used to identify trends and patterns in the market. Additionally, I would like to know about any case studies or success stories from previous clients. I look forward to hearing back from you at your earliest convenience.","Dear [Name], thank you for reaching out to our customer support team. We appreciate your interest in our data analytics solutions for investment optimization. We offer a range of analytics tools, including data visualization capabilities, which can help identify trends and patterns in the market. We have several case studies from previous clients that demonstrate the success of our solutions. We would be happy to discuss this further with you. You can call us at [tel_num] or email us at [acc_num] for more information. Thank you.",Request,Sales and Pre-Sales,medium,en,400,Feedback,Sales,Product,Feature,,,,
Aktualisierung der Integrationsfunktionen für die SaaS-Plattform,"Ich schreibe Ihnen, um die Aktualisierung der Integrationsfunktionen für unsere SaaS-Plattform zu veranlassen. Wir benötigen verbesserte Kompatibilität mit Shopware, QuickBooks und Figma, um unsere Arbeitsprozesse zu verbessern. Könnten Sie bitte das Thema untersuchen und uns einen Zeitplan für die Umsetzung liefern? Dies wird erheblich zur Teameffizienz und Produktivität beitragen.","Wir erhalten Ihre Anfrage zur Aktualisierung der Integrationsfunktionen für Shopware, QuickBooks und Figma. Bitte erlauben Sie uns zunächst, die notwendigen Forschungen durchzuführen, und ich werde Ihnen bald mit einem Update antworten.",Change,IT Support,high,de,400,Feature,Product,Documentation,Feedback,,,,
Strategies for Promoting Smart Home Digital Marketing,Can you offer digital marketing strategies to promote the Smart Home Hub? I am keen to learn about the techniques that can be used.,"We can provide digital marketing strategies for the Smart Home Hub, including social media and email campaigns. For more details, we would be happy to discuss over the phone; we are available for a call at your convenience to go over the techniques.",Request,General Inquiry,medium,en,400,Feedback,Sales,Feature,,,,,
Problems with Financial Systems Integration,"Customer Support is reaching out to highlight an issue currently impacting a financial firm. The firm is working to optimize investments through data analytics but has encountered integration difficulties across several products. These problems appear to stem from incompatible software versions. The team has attempted to resolve the issue by restarting systems and updating applications, but they have not achieved a complete fix. This problem hampers their ability to efficiently manage investments and make well-informed decisions.","This email is in response to your inquiry about the financial systems integration problems. To assist you effectively, please provide the specific versions of the software in use. Could you kindly share this information so we can analyze the issue and offer a solution? Additionally, we can schedule a call to discuss the matter further if needed.",Problem,Sales and Pre-Sales,medium,en,52,Bug,Compatibility,Integration,Software,Financial,System,Issue,
Alert on Unauthorized Access,"Dear Customer Support, I am reporting a serious security incident involving unauthorized access to confidential medical data. The breach is suspected to have occurred due to weak password policies. Immediate action has been taken to reset user passwords and enhance security protocols. However, we require assistance to ensure the integrity of the system and prevent future occurrences. We would appreciate guidance on reinforcing password policies and implementing additional security measures. Please advise.",Acknowledged receipt of your email regarding unauthorized access to confidential medical data. Appreciate the immediate actions taken to reset user passwords and enhance security protocols. We will assist in reinforcing password policies and implementing additional security measures. We recommend conducting a thorough review of the current security setup. Please schedule a call at <tel_num> to discuss the course of action and provide necessary support to resolve this matter promptly.,Incident,Customer Service,low,en,400,Security,Alert,Notification,IT,,,,
Report on Security Incident: Network Security Violation,"We have encountered an unauthorized access incident that has compromised the security of medical data within our hospital system. The issue might have arisen from outdated configurations or vulnerabilities in Cisco IOS, as well as potential issues with third-party software. We have already updated Cisco IOS and are conducting a security audit. However, we are still experiencing network anomalies and require assistance in resolving them to ensure the security of our network.","We have received your incident report concerning the network security breach. To proceed further, could you please provide more details on the network anomalies you are experiencing? We will schedule a call at your convenience to discuss the issue and determine the necessary next steps to ensure network security. Please let us know a suitable time for the call at <tel_num>.",Incident,Technical Support,high,en,400,Security,Network,Virus,IT,Tech Support,,,
QuickBooks und Dynamics-Abonnementoptionen,"Sehr geehrter Kundenservice, ich möchte mich nach den verfügbaren Abonnementmöglichkeiten für QuickBooks Online und Microsoft Dynamics 365 erkundigen. Könnten Sie bitte detaillierte Informationen zu den verfügbaren Tarifen bereitstellen, einschließlich Preise, Funktionen und möglicher Rabatte? Besonders interessiert bin ich daran, die Unterschiede zwischen den verschiedenen Plänen zu verstehen, um den am besten auf die spezifischen Bedürfnisse unseres Unternehmens zugeschnittenen Plan auszuwählen. Zudem wäre eine Anleitung hilfreich, um den geeignetsten Plan basierend auf Unternehmensgröße und Branche zu bestimmen. Bitte fügen Sie relevante Links und Ressourcen bei, die ich nutzen kann.","<name>, vielen Dank, dass Sie das Kundenserviceteam bezüglich der Abonnementpläne für QuickBooks und Dynamics kontaktiert haben. Wir bieten verschiedene Pläne mit unterschiedlichen Preisen und Funktionen an, die auf die Bedürfnisse Ihres Unternehmens zugeschnitten sind. Für genauere Informationen bitten wir Sie, uns Details zu Unternehmensgröße und Branche mitzuteilen. Gerne können wir auch ein telefonisches Gespräch führen. Wäre ein passender Zeitpunkt für einen Anruf? Alternativ senden wir Ihnen die Informationen auch gerne per E-Mail, um den Einstieg zu erleichtern.",Request,Billing and Payments,medium,de,52,Product,Subscription,Pricing,Feature,Discount,Customer Service,Plans,
Identified Problems with Secure Data Access in Hospital Systems,"We have identified secure data access issues within the hospital systems. These issues might be due to recent updates in the TYPO3 network configurations. We have attempted to resolve the problem by rebooting the WLAN-Router and documenting the configurations, but the issues still persist.","We are investigating the secure data access issues in the hospital systems, which may be caused by recent updates to the TYPO3 network configurations. Please provide any error messages you are receiving, and we can schedule a call to discuss possible solutions.",Problem,Technical Support,medium,en,400,Bug,Network,Security,IT,Tech Support,,,
Service Disruption Encountered Today,"The project management SaaS encountered extensive service disruptions impacting various connected products and peripherals. The probable cause was a backend scalability failure during peak usage times. Initial troubleshooting efforts involved rebooting systems and adjusting load balancing, but the issues remain unresolved.","<name>, we apologize for the service outages experienced with the project management SaaS today. We acknowledge that the initial troubleshooting steps did not resolve the problem. We would like to investigate further and request additional information such as error messages and symptoms observed. Could you please provide these details? You can reach us at <tel_num> to discuss the issue and work towards a resolution for <acc_num> account.",Incident,Service Outages and Maintenance,high,en,52,Disruption,Outage,Performance,IT,Tech Support,,,
Urgent Attention Required for Medical Data Protection,"Dear customer support, it is imperative to address the urgent need to implement enhanced security measures for medical data protection in our hospital systems. Recent service disruptions have compromised the integrity of sensitive medical information, which poses a risk to patients. We request immediate action to rectify the situation and ensure the security of medical data. This includes conducting a thorough investigation into the causes of the outages and implementing robust security measures.","We take the security of medical data very seriously and apologize for any recent service outages that may have compromised sensitive information. We are taking immediate action to rectify the situation and ensure the security of medical data. A thorough investigation into the causes of the outages is underway, and we are working to implement robust security measures. We will provide regular updates on our progress. Please let us know your availability for a convenient call to discuss this matter further.",Change,Service Outages and Maintenance,high,en,400,Security,Outage,Disruption,Recovery,IT,Tech Support,,
Schutz medizinischer Datenprodukte,"Sehr geehrter Kundenservice, ich möchte mich erkundigen, welche Sicherheitsmerkmale die Smart-Türschloss- und Elasticsearch-Produkte bieten. Könnten Sie detaillierte Informationen darüber bereitstellen, wie medizinische Datenprodukte geschützt werden können? Ich freue mich auf Hinweise zu bewährten Praktiken bei der Konfiguration, Verwaltung und Sicherheitseinstellungen, um die Vertraulichkeit, Integrität und Verfügbarkeit sensibler medizinischer Informationen zu gewährleisten. Bitte fügen Sie relevante Dokumentationen und Ressourcen bei, die beim Verständnis der Sicherheitsfunktionen der Produkte helfen. Vielen Dank für Ihre Zeit und Unterstützung. Ich freue mich auf Ihre Rückmeldung.","Sehr geehrter <name>, vielen Dank, dass Sie uns bezüglich der Absicherung medizinischer Datenprodukte und des Smart-Türschlosses sowie Elasticsearch kontaktiert haben. Wir nehmen die Datensicherheit ernst und haben robuste Sicherheitsfunktionen implementiert, um Vertraulichkeit, Integrität und Verfügbarkeit zu gewährleisten. Detaillierte Dokumentationen und bewährte Praktiken zur Konfiguration, Verwaltung und Sicherheitseinstellungen stellen wir gerne bereit. Möchten Sie, dass wir Ihnen die entsprechenden Ressourcen zusenden, oder bevorzugen Sie einen Anruf unter <tel_num>, um die Angelegenheit zu besprechen?",Request,Customer Service,low,de,52,Security,Product,Documentation,Feedback,,,,
Revise Digital Marketing Approaches to Boost Growth,"Requesting an update on digital marketing tactics aimed at improving brand expansion within Gaming, Smart Home, and Software sectors. While current strategies are producing some results, I believe it's crucial to reevaluate and modify our approach to remain competitive in the marketplace. I would appreciate any suggestions for new strategies we could adopt.","I would be glad to assist in revising digital marketing strategies. To better understand the current challenges and provide customized recommendations, could you please share the desired outcomes and the performance of existing strategies in Gaming, Smart Home, and Software domains? This will enable me to suggest new approaches to enhance brand growth and maintain market competitiveness.",Change,General Inquiry,high,en,52,Strategy,Marketing,Business Growth,Digital Marketing,Software,Competition,Brand Expansion,
Benachrichtigung wegen unbefugten Zugriffs im IT-System wurde heute ausgelöst,"Ein unbefugter Zugriff wurde heute im IT-System des Krankenhauses ausgelöst. Dies geschah möglicherweise durch eine Phishing-Aktion, bei der Mitarbeiterkennwörter verloren gegangen sind. Die Kennwörter wurden geändert, und das ungewöhnliche Benutzerverhalten wurde überprüft.","Die Krankenhausauftrittsverwaltungssystem hat eine Benachrichtigung über einen unbefugten Zugriff erhalten. Bitte teilen Sie uns mehr Details zu der Benachrichtigung und den betroffenen Mitarbeiterkennwörtern mit. Wir planen ein Telefonat, um das Problem zu besprechen und die notwendigen Schritte zu ergreifen, um die System-Sicherheit zu gewährleisten. Es wäre sehr freundlich, wenn Sie das Telefonat bald vereinbaren könnten.",Incident,Human Resources,low,de,400,Security,IT,Alert,Virus,,,,
Urgent Problem,"Service interruptions impacting various devices' software, vital for our investment in data analysis and operations. These outages are causing substantial disruptions and must be resolved promptly to avoid further losses.","We are reaching out concerning the critical issue you have reported. To assist with the service outages, could you please provide details on the affected devices and software? Additionally, we need to know any error messages you are encountering. It would be helpful if we could discuss this over the phone to expedite the resolution process.",Change,Service Outages and Maintenance,high,en,400,Outage,Disruption,Performance,Recovery,IT,Tech Support,,
Malfunction in Data Analytics System,"A financial organization encountered significant data analytics interruptions impacting Outlook 2021, Visual Studio Code, and SAP ERP. The probable cause appears to be server failures. Steps have been implemented to address the problem, including restarting affected applications and verifying network connections. Additionally, system backups were restored to guarantee data integrity. The situation is currently under observation to prevent further disruptions. If the issue persists, we will proceed to investigate and take the necessary actions to resolve it.","Thank you for reaching out to us regarding the data analytics system failure at your financial organization. We appreciate the steps you have taken so far to mitigate the issue by restarting affected applications and checking network connections. It is reassuring to hear that system backups have been restored to ensure data integrity. If the issue continues, we would like to investigate to determine the root cause and take the necessary actions to resolve it. Could you please inform us if the issue is still present?",Problem,Service Outages and Maintenance,high,en,52,Bug,Performance,Outage,Disruption,Recovery,Hardware,Network,
,"An employee has reported a decrease in productivity due to overlapping responsibilities following recent restructuring. Please acknowledge this issue and express your understanding of the importance of resolving it to ensure smooth workflow. For a better understanding of the situation, could you provide specific details on the roles and responsibilities that are overlapping and impacting productivity? Additionally, it would be helpful to know which departments or teams are involved. I would like to schedule a call to discuss this further and am available at your convenience.","Dear [Name], we acknowledge the issue of overlapping responsibilities affecting employee productivity following the recent restructuring. We understand the importance of resolving this matter to ensure a smooth workflow. To better understand the situation, could you please provide specific details on the roles and responsibilities that are overlapping and impacting productivity? Additionally, it would be helpful to know which departments or teams are involved. We would like to schedule a call to discuss this further and are available at your convenience.",Incident,Human Resources,medium,en,400,HR,Employee,Training,Feedback,,,,
Verbesserung der Ubiquiti UniFi Dream Machine für Digitalmarketing,"Ich möchte die Leistung der Ubiquiti UniFi Dream Machine für meine Digitalmarketingstrategien optimieren. Bitte überprüfen Sie die Netzwerkinformationen und Sicherheitsmaßnahmen. Bereit, weitere Details zu meinem aktuellen Setup zu geben, um Probleme zu identifizieren. Ich freue mich auf Ihre Unterstützung bei der Verbesserung der Netzwerkinformationen und Sicherheit, was auch für meine Marketingaktivitäten von Vorteil sein könnte. Falls Sie möchten, können wir telefonisch weiter darüber sprechen: <tel_num>.","Um die Leistung der Ubiquiti UniFi Dream Machine für Ihre Digitalmarketingstrategien zu optimieren, empfehle ich, die Netzwerkkonfiguration und Sicherheitsstellungen zu überprüfen. Bitte geben Sie mehr Details zu Ihrem aktuellen Setup und den Problemen, mit denen Sie sich auseinandersetzen müssen. Ich freue mich darauf, bei der Verbesserung der Netzwerkinformationen und Sicherheit zu helfen, was auch für Ihre Marketingaktivitäten von Vorteil sein könnte. Falls Sie möchten, können wir telefonisch weiter darüber sprechen: <tel_num>.",Request,IT Support,high,de,400,Feature,Performance,Network,Security,IT,Tech Support,Feedback,
Enhancing Security for Medical Data with Symantec Endpoint Protection 14.3,"I am seeking advice on securing medical data in a hospital setting using Symantec Endpoint Protection 14.3. Could you provide guidance on best practices for implementing this software to ensure the confidentiality, integrity, and availability of sensitive medical information? I would greatly appreciate any recommendations or resources that can help me configure and manage Symantec Endpoint Protection 14.3 to meet the unique security needs of a hospital environment. Specifically, I am interested in learning about the software's capabilities in detecting threats.","Thank you for your inquiry regarding securing medical data with Symantec Endpoint Protection 14.3 in a hospital setting. We recommend configuring the software to enable advanced threat protection and to implement strict security policies. Please refer to the online resources and practice guides for detailed configuration instructions. If you need further assistance, please schedule a call at <tel_num> to discuss your specific requirements and receive tailored guidance. Your account number is <acc_num>.",Request,Billing and Payments,medium,en,400,Security,IT,Tech Support,Documentation,,,,
Update der Marke und Werkzeuge,"Sehr geehrte Kundenservice, wir möchten eine Aktualisierung unserer Marke und die Implementierung neuer digitaler Werkzeuge einleiten. Ziel ist es, unsere Markenpräsenz zu verbessern, das Wachstum unserer Produkte zu fördern und einen breiteren Publikumskreis zu erreichen, was letztendlich zu erhöhten Verkaufsresultaten führen wird.","Wir haben Ihre Anfrage zur Aktualisierung der Marke und der Implementierung neuer Werkzeuge erhalten. Bitte kontaktieren Sie uns unter der Telefonnummer <tel_num>, um weitere Details und Implementierungsoptionen zu besprechen.",Change,Returns and Exchanges,medium,de,400,Feedback,Product,Feature,Sales,,,,
Weitere Informationen zu Lösungen für die Sicherung medizinischer Daten,"Sehr geehrte [Name], wir danken Ihnen für Ihr Interesse an Lösungen zur Sicherung medizinischer Daten. Unser Unternehmen bietet eine Vielzahl an Dienstleistungen an, darunter Verschlüsselung, Datenarchivierung, Zugriffskontrolle, um die Vertraulichkeit und Integrität medizinischer Akten zu gewährleisten. Wir bieten auch Trainings und Unterstützung an, um Organisationen bei der Einhaltung relevanter Vorschriften zu unterstützen. Für präzise Informationen können wir telefonische Konferenzen organisieren. Passen Sie gerne ein Zeitfenster für einen Anruf an, indem Sie die angegebene Telefonnummer anrufen? Bitte lassen Sie uns wissen, wann Sie verfügbar sind, damit wir uns zeitlich einplanen können.","Wir können telefonische Konferenzen organisieren, um genaue Informationen zu liefern. Passen Sie gerne ein Zeitfenster für einen Anruf an, indem Sie die angegebene Telefonnummer anrufen? Bitte lassen Sie uns wissen, wann Sie verfügbar sind, damit wir uns zeitlich einplanen können. [Telefonnummer]",Request,Sales and Pre-Sales,low,de,400,Security,Backup,IT,Tech Support,Training,,,
,"I am interested in learning about digital marketing strategies for the Belkin Ultra HD HDMI cable. Could you provide a detailed plan on how to promote the product? I would greatly appreciate information on the marketing approach, including social media campaigns, advertising, and relevant tactics. This would help me better understand how the product is positioned in the market.","Thank you for your interest in the digital marketing strategies for the Belkin Ultra HD HDMI cable. Our marketing approach for the product involves a multi-channel campaign that includes social media promotions, targeted advertising, and influencer partnerships. We leverage platforms such as Facebook, Twitter, and Instagram to showcase the product's features and benefits, as well as its unique selling points. Additionally, we run targeted ads on Google and other relevant websites to reach the desired audience. We plan to collaborate closely with you to achieve these goals.",Request,Billing and Payments,medium,en,400,Product,Feature,Feedback,Sales,Marketing,Documentation,,
Request for System Enhancement and Upgrade,"We are submitting a request to upgrade our system by integrating DataRobot with Kubernetes to improve our data analytics automation capabilities. Our current system restricts efficient processing of large data volumes, and we require a robust, scalable solution. The integration with DataRobot and Kubernetes will allow us to automate numerous data analysis tasks, thereby freeing up resources for strategic, high-value activities. We would appreciate it if you could provide a quotation and estimated timeline for this upgrade and integration. Thank you.","<name> has received a request to upgrade the system by integrating DataRobot with Kubernetes to enhance data analytics automation capabilities. Please provide a quote and timeline, including details about the current system configuration and specific requirements. Kindly share information about the existing infrastructure and scope of the upgrade. We would like to schedule a call at <tel_num> to discuss and determine the next steps. Please let us know your availability for the call to proceed further.",Change,IT Support,medium,en,52,Feature,Improvement,Scalability,Automation,Analytics,Integration,,
Nachricht zur Datensperre im Krankenhaus,"Sehr geehrte Kundensupport, das IT-System des Krankenhauses hat ein Datensperrungsereignis festgestellt, bei dem vertrauliche medizinische Daten potenziell preisgegeben werden könnten. Dies könnte auf veraltete Sicherheitsprotokolle und kürzlich entdeckte Softwarevulnerabilitäten hinweisen. Wir haben versucht, das System zu sichern, die Sicherheitssoftware aktualisiert und die Zugriffsprotokolle überprüft. Allerdings benötigen wir zusätzliche Unterstützung, um die Systemintegrität zu gewährleisten und Patientendaten zu schützen. Bitte geben Sie Anleitungen für eine gründliche Untersuchung und die Einsetzung zusätzlicher Sicherheitsmaßnahmen sowie für die Benachrichtigung der betroffenen Parteien. Wir schätzen Ihre Unterstützung sehr.","Sehr geehrter [Name], wir nehmen den Datensperrungsereignis im Krankenhaus sehr ernst und sind bereit, Ihnen dabei zu helfen. Um voranzzuschreiten, benötigen wir mehr Informationen zum Ereignis, einschließlich der betroffenen Systeme und geschätzten Anzahl der betroffenen Patienten. Wir werden Ihnen Anleitungen zur Durchführung einer gründlichen Untersuchung und zur Einsetzung zusätzlicher Sicherheitsmaßnahmen geben. Bitte bestätigen Sie ein passendes Zeitfenster, bei dem wir telefonieren können, um die nächsten Schritte und die notwendigen Maßnahmen besprechen und die Systemintegrität sowie die Schutz von Patientendaten gewährleisten können.",Incident,Technical Support,high,de,400,Security,Bug,IT,Tech Support,,,,
Recent Decrease in Engagement Metrics Noted Online,"There has been a decline in engagement metrics. This could be due to recent algorithm changes. We have modified our target audience and ad creatives, and require assistance.",,Problem,Product Support,medium,en,400,Feedback,Performance,Feature,,,,,
Support for Epson WorkForce ES-500W Scanner,"I require information on how to improve the brand development and presentation for the Epson WorkForce ES-500W Scanner, including digital strategies such as enhancing brand presence through social media and email marketing campaigns.","Dear <name>, we can provide you with information on improving the brand development and presentation for the Epson WorkForce ES-500W Scanner. Digital strategies include social media and email marketing campaigns. Please let us know a suitable time to discuss this further. You can reach me at <tel_num>. For account details, please refer to <acc_num>. Best regards.",Request,Human Resources,medium,de,400,Product,Feature,Tech Support,,,,,
Erneute Meldung des Systemausfalls bei der Datenanalyse heute,"Sehr geehrter Kundenservice,<br><br>ich möchte Ihre Aufmerksamkeit auf ein kritisches Problem im Datenanalysesystem lenken. Das System versäumt es, Investitionen präzise zu optimieren, möglicherweise aufgrund veralteter Algorithmen, was zu Diskrepanzen in den Daten führt. Trotz meiner Versuche, das System zurückzusetzen und die Analysen neu durchzuführen, konnten keine Verbesserungen der Ergebnisse festgestellt werden.<br><br>Glücklicherweise sind die Produkte direkt von diesem Problem betroffen. Allerdings beeinträchtigt der Mangel an zuverlässigen, datenbasierten Erkenntnissen die Anlagestrategien erheblich. Die langfristigen Konsequenzen für Investitionsentscheidungen und die Gesamtleistung des Unternehmens sind besorgniserregend.<br><br>Wir bitten dringend um Unterstützung.","Sehr geehrter <name>,<br><br>wir bestätigen den Erhalt Ihrer E-Mail bezüglich des Systemausfalls bei der Datenanalyse. Wir werden die Ursache untersuchen und Lösungen bereitstellen, inklusive der Aktualisierung der Algorithmen sowie der Sicherstellung der Datenintegrität. Um Ihnen besser helfen zu können, könnten wir möglicherweise Kontakt aufnehmen, um weitere Informationen zu erhalten. Wäre es möglich, einen passenden Zeitpunkt für einen Anruf zu vereinbaren? Bitte teilen Sie uns eine geeignete Zeit mit, damit wir Sie unter <tel_num> erreichen können.",Problem,Product Support,high,de,52,Outage,Disruption,Recovery,Performance,,,,
Concerns with Project Management Software Performance,"The user has encountered irregular performance with the project management software during file uploads. This may be due to concurrent software interactions and high resource usage. After restarting the application and checking system resource allocation, the issues still persist. The user is unable to upload files successfully and is receiving error messages. The issue remains unresolved and assistance is required.","Hello [name],\n\nWe appreciate your feedback regarding the issues you are experiencing with the project management software, particularly the inconsistent performance during file uploads and the error messages received. We understand that you have already restarted the application and checked the system resource allocation, but these steps have not resolved the issue.\n\nTo better assist you, we would like to gather more information about the error messages you are receiving and the file types you are trying to upload. Could you please provide a screenshot of the exact error message for further analysis?\n\nThank you for your cooperation.\n\nBest regards,\n[Your Name]",Incident,Customer Service,low,en,400,Performance,IT,Tech Support,,,,,
Support Recent Security Incident Report,"Dear Customer Support, I am writing to report a recent security incident that occurred in our hospital. There was an unauthorized access incident that compromised medical data on our hospital systems. The incident might have resulted from outdated security protocols or user errors. We have already tried updating our security software and reviewing access logs, but the issue persists. We would greatly appreciate your guidance on how to resolve the issue and prevent future incidents. Please let us know the next steps. Thank you for your assistance.","Dear [Name], we acknowledge the reported security incident at your hospital. To assist you better, we need information on the steps that have been taken so far. Please provide details on the compromised data and the security software updates that have been applied. We will schedule a call at [Tel Num] to discuss the next steps and provide guidance on resolving the issue. Thank you.",Incident,Returns and Exchanges,high,en,400,Security,IT,Tech Support,Bug,,,,
Probleme bei der Asana-Synchronisierung,"Das Marketing-Team kann Probleme mit der Synchronisierung von Projektdateien zwischen Asana und Notion haben. Es scheint, dass der Kompatibilitätskonflikt auf unterschiedliche Softwareversionen zurückzuführen ist. Das Team versuchte, das Cache-System zu löschen und die Anwendungen neu zu installieren, was jedoch nicht zu einem erfolgreichen Ergebnis führte. Obwohl das Team derzeit wichtige Projektdateien zugänglich hat, sind Fortschritte dadurch behindert. Wir freuen uns, dass wir bald eine Lösung anbieten können, um das Problem zu beheben.","Wir werden uns um das Asana-Sync-Problem für das Marketing-Team kümmern. Um Ihnen besser zu helfen, bitten wir Sie, die genauen Softwareversionen und den spezifischen Fehlerhinweis zu teilen. Falls nötig, kontaktieren Sie uns unter <tel_num> für weitere Diskussionen.",Incident,Technical Support,medium,de,400,Bug,Performance,IT,Tech Support,Feedback,,,
Request for Digital Marketing Assistance,Offer guidance on implementing digital marketing tactics,Please share details of your current marketing initiatives and objectives so we can assist with integrating digital marketing strategies.,Request,General Inquiry,medium,en,52,Feedback,Sales,Lead,Marketing,,,,
,"Sehr geehrter Kundendienst, ich möchte eine Aktualisierung unserer Digitalstrategie-Integration beantragen, um das Wachstum unserer Marke und die Verbesserung der Plattformen für gelistete Produkte zu fördern. Obwohl unsere bisherige Strategie in der Vergangenheit erfolgreich war, erzielen wir nun nicht mehr die gewünschten Ergebnisse. Wir sind der Ansicht, dass eine umfassende Überprüfung und Aktualisierung unserer Digitalstrategie uns dabei helfen wird, besser mit unserer Zielgruppe zu interagieren, die Markenbekanntheit zu steigern und letztlich den Umsatz zu erhöhen. Besonders möchten wir neue Social-Media-Kanäle erkunden und unsere Website verbessern.","Sehr geehrter <Name>, vielen Dank, dass Sie uns bezüglich der Aktualisierung Ihrer Digitalstrategie kontaktiert haben. Gerne unterstützen wir Sie dabei, Ihre aktuelle Strategie zu überprüfen und zu aktualisieren, um das Wachstum Ihrer Marke zu fördern. Um Ihnen bestmöglich helfen zu können, benötigen wir weitere Informationen zu Ihrer aktuellen digitalen Präsenz und Ihren Zielen. Könnten Sie uns bitte Details zu Ihrer aktuellen Website sowie Ihren Social-Media-Aktivitäten mitteilen? Anschließend vereinbaren wir gern einen Termin für einen Anruf, um die nächsten Schritte zu besprechen und Empfehlungen zur Optimierung Ihrer Website sowie zur Erkundung neuer Social-Media-Kanäle zu geben.",Change,Service Outages and Maintenance,medium,de,52,Feedback,Product,Strategy,Improvement,Review,,,
Enhancements for Project Management Software Interface,"I request improvements to the user interface of our project management software, as the current navigation elements and user functions often confuse team members. I propose the following enhancements: a simplified homepage, easy-to-use filters, and a better organized structure. These changes would significantly enhance the overall user experience and make project management more effective for the team. I believe these improvements would be greatly appreciated, and I look forward to your consideration of my request.","I highly value your suggestions for improving the user interface of our project management software. Your proposal for a simplified homepage, easy-to-use filters, and a better organized structure is worthy of consideration. These changes could greatly enhance the overall user experience and improve the efficiency of project management. The development team will review your suggestions and discuss the feasibility of implementing these enhancements.",Change,IT Support,high,de,400,Feature,Feedback,Documentation,,,,,
Required Guidance for Enhancing Data Analytics,"I am seeking advice on optimizing data analytics using MATLAB and MySQL for investment strategies. I would greatly appreciate any resources or assistance that can help improve my workflow and make informed decisions. Specifically, I am looking for tips on data visualization, data mining, and predictive modeling, utilizing MATLAB for data analysis and MySQL for data storage. Your help would be immensely appreciated. Thank you for your time and assistance.","We can provide guidance on optimizing data analytics using MATLAB and MySQL. For data visualization, data mining, and predictive modeling, we recommend reviewing MATLAB's toolboxes and MySQL's documentation. We can offer a call to discuss your workflow and provide tailored advice. We are available for a call at your convenience. Please let us know a suitable time.",Request,Technical Support,high,en,400,Feedback,Documentation,IT,Tech Support,,,,
Sicherheitslösungen für Gesundheitsdaten und IT-Support in Krankenhäusern,"Sehr geehrter Kundenservice,<br>ich möchte mich nach Sicherheitskonzepten für den Schutz von Gesundheitsdaten sowie Supportdiensten in der IT-Infrastruktur von Krankenhäusern erkundigen.<br>Könnten Sie bitte Details zu den implementierten Sicherheitsmaßnahmen bereitstellen, die den Schutz sensibler Patientendaten gewährleisten?<br>Welche Supportleistungen bieten Krankenhäusern und Gesundheitsorganisationen an, um einen reibungslosen und effizienten Betrieb ihrer IT-Systeme sicherzustellen?<br>Ich wäre auch dankbar für Informationen zu etwaigen Compliance-Anforderungen und Regulierungen, die Ihre Lösungen erfüllen, beispielsweise HIPAA.<br>Zusätzlich wären Fallstudien oder Beispiele von Gesundheitsorganisationen, bei denen die Lösungen erfolgreich umgesetzt wurden, sehr hilfreich.<br>Ich freue mich auf Ihre Rückmeldung.","Sehr geehrter <name>,<br>vielen Dank für Ihre Anfrage bezüglich Sicherheitslösungen für Gesundheitsdaten und IT-Support in Krankenhäusern.<br>Wir verfügen über robuste Sicherheitsmaßnahmen zum Schutz sensibler Patientendaten und bieten umfassende Supportdienste an, um den reibungslosen Betrieb Ihrer IT-Systeme zu gewährleisten.<br>Unsere Lösungen sind HIPAA-konform und erfüllen die entsprechenden regulatorischen Anforderungen.<br>Gerne stelle ich Ihnen Fallstudien und weitere Informationen zur Verfügung. Wäre ein Telefonat unter <tel_num> zu einem passenden Zeitpunkt möglich?",Request,Technical Support,medium,de,52,Security,IT,Support,Healthcare,Data Protection,Infrastructure,Patient Data,Implementation
Warnung vor Datenschutzverletzung und Sicherheitsrisiko,"Bitte melden Sie einen möglichen Datenschutzverstoß im Gesundheitswesen. Es besteht die Möglichkeit, dass medizinische Unterlagen aufgrund veralteter Sicherheitspatches gefährdet sind. Trotz Bemühungen, die Firewall zu aktualisieren und Antivirus-Scans durchzuführen, konnten die Probleme nicht erfolgreich behoben werden. Ich bin besorgt über die potenziellen Folgen des Verstoßes und bitte um Unterstützung bei der Identifizierung der Schwachstellen sowie bei der Umsetzung wirksamer Gegenmaßnahmen. Könnten Sie bitte Anweisungen geben, wie in diesem Fall vorzugehen ist? Ich schätze eine schnelle Reaktion auf dieses kritische Problem und freue mich auf eine baldige Rückmeldung.",Bitte rufen Sie kurzfristig an,Problem,Technical Support,high,de,52,Security,Bug,Outage,Disruption,,,,
Assistance Required for Securing Medical Data in Firebase Healthcare,"Hello, I need guidance on how to secure medical data using Firebase Healthcare. It's crucial to ensure the confidentiality and integrity of sensitive patient information. Could you provide some best practices and protocols to ensure data security is a top priority? I'm looking to leverage Firebase's capabilities to streamline our operations.","Dear [Name], we understand the importance of securing medical data in the healthcare sector. To ensure the confidentiality and integrity of sensitive patient information using Firebase, we recommend implementing encryption, secure authentication, and access controls. We can provide detailed guidance on best practices and protocols. If convenient, please call us at [Tel Number] to discuss further. We are happy to assist your account [Acc Num].",Request,IT Support,low,en,400,Security,IT,Tech Support,,,,,
Request for Pricing Details on Products,Looking for pricing details on the features of Projektor and Blackboard Learn products. Could you please provide detailed information?,"<name>, thank you for your email regarding pricing information for products. I would be happy to provide detailed information on Projektor and Blackboard Learn products. Pricing varies based on the specific features and services required, as well as the size and type of organization. To provide you with accurate information, could you please tell us a bit more about your needs for the products? Alternatively, you can call for convenience to discuss your requirements and receive a personalized quote. I would be available to call you at <tel_num>.",Request,Billing and Payments,high,en,400,Pricing,Product,Feature,Documentation,Sales,Lead,,
Request for Assistance with Reported System Outage,"Dear Customer Support, I am submitting this report on the system outage that has impacted access to our project management tools. It is possible that the issue may have arisen due to a recent software update. Despite my efforts to restart the affected applications and devices, the problem still persists. I would greatly appreciate it if you could look into this matter and provide a solution as soon as possible. Please let me know if there is any additional information you need to facilitate the resolution of this issue. Thank you for your time and assistance with this matter. I look forward to your response.",We will investigate the reported system outage and work towards finding a solution. Please provide the details of the software update and any specific error messages you are encountering to assist us further.,Incident,Human Resources,low,en,400,Outage,Disruption,IT,Tech Support,,,,
Issue Encountered with Investment Optimization Today,"There was an error during the investment optimization process, leading to incorrect analytics results.","Dear [name], we regret to hear that you encountered an error in the investment optimization process resulting in incorrect analytics output. Please provide us with the details of the error message you received and the steps you took before the issue occurred. We would like to investigate further and would it be convenient for you to call us at [tel_num] to discuss the issue in detail and find a solution for account number [acc_num].",Incident,Returns and Exchanges,high,en,400,Bug,Performance,Feedback,IT,Tech Support,,,
Support Required for Hadoop Integration Troubleshooting,"An error has occurred during the integration process, leading to data discrepancies.",We are currently reviewing the Hadoop integration issue. Please provide the error message for further assistance in resolving the data discrepancies.,Incident,Returns and Exchanges,low,en,400,Bug,Performance,IT,Tech Support,,,,
Frequent System Crashes in Project Management SaaS,Multiple users are encountering system crashes. This may be due to compatibility issues with antivirus software or hardware components. Steps taken include updating the software and rebooting systems.,Investigate further and contact for troubleshooting information.,Incident,Technical Support,high,en,400,Bug,Crash,Hardware,Performance,IT,Tech Support,,
Mängel im Incident-Response-Prozess,"Sehr geehrtes Support-Team,\n\nich hoffe, diese Nachricht erreicht Sie wohlbehalten. Ich möchte einige Bedenken hinsichtlich der aktuellen Effizienz des Incident-Response-Workflows äußern. Unser Team hat festgestellt, dass der Ablauf zwar grundsätzlich funktioniert, jedoch erwarten wir, dass Verzögerungen bei der Behebung kritischer Probleme die gesamte operative Leistungsfähigkeit beeinträchtigen.\n\nVor allem erscheint der Kommunikationsfluss bei Vorfällen unstrukturiert, was zu Verwirrung führt und die Lösungszeiten verlängert. Zudem fehlt es an einer klaren Priorisierung bei automatisierten Eskalationswegen, was dazu führt, dass wichtige Vorfälle nicht umgehend bearbeitet werden.","Vielen Dank, dass Sie Ihre Bedenken bezüglich der Incident-Response-Prozesse mit uns teilen. Wir verstehen, wie entscheidend eine effiziente Kommunikation und eine klare Priorisierung sind, um Ausfallzeiten zu minimieren und die Servicequalität aufrechtzuerhalten. Um Ihnen weiterhelfen zu können, bitten wir Sie, konkrete Beispiele oder kürzlich aufgetretene Vorfallnummern anzugeben, bei denen Verzögerungen oder Unklarheiten aufgetreten sind. Dies wird uns helfen, mögliche Schwachstellen im Ablauf zu identifizieren. Vorübergehend empfehlen wir die Einführung automatischer Ticketpriorisierung sowie definierter Eskalationspfade auf einer zentralen Kommunikationsplattform, um die Koordination zu verbessern. Wir würden uns freuen, einen Termin mit Ihnen zu vereinbaren.",Problem,IT Support,medium,de,51,Bug,Performance,Disruption,Recovery,IT,Tech Support,,
Severe Integration Problem During Synchronization,"A severe integration problem has emerged during the synchronization of project data across various platforms. This could be due to API incompatibilities or bandwidth limitations. Despite our efforts to refresh the integration settings and restart the affected applications, the issue remains unresolved. Our team is actively working to resolve this problem and requires assistance from the support team. Could you please provide guidance on troubleshooting steps and potential solutions to address the problem? We appreciate your prompt attention to this matter, as it is impacting project timelines.",We are reviewing the critical integration issue. Please provide any error messages and platform details to assist us further. Contact us at <tel_num> to discuss potential troubleshooting steps and solutions.,Incident,Customer Service,medium,en,400,Bug,Network,Performance,IT,Tech Support,,,
Customer Support Guidance,"Inquiry regarding Contact, Investigation of Connections, Best Practices for Concealment, Recommendations for VPN Routers and Antivirus Solutions, IT Support for Healthcare. Could you provide advice to ensure the network is secure and sensitive patient data is protected? Please estimate and share resources that could be helpful. Thank you for your time and assistance.","General advice on Concealment, VPN Routers, and Antivirus Solutions will be provided. Would you prefer recommendations be sent via a convenient method? Would you like to discuss further details regarding Network Security in Healthcare by calling?",Request,IT Support,high,de,400,Bug,Network,Security,IT,Tech Support,,,
Anfrage zu Datenanalyse für Salesforce-CRM,"Sehr geehrte Kundensupport, <br>Ich möchte mich erkundigen, wie Datenanalyse auf der Salesforce-CRM-Plattform die Optimierung von Investitionen unterstützen kann. Könnten Sie mir bitte mehr Informationen zum Thema geben? Es interessiert mich, zu erfahren, wie Datenanalyse hilfreich ist, um informierte Entscheidungen für die Optimierung von Investitionen zu treffen. Ich möchte mehr über die angebotenen Werkzeuge und Funktionen von Salesforce erfahren, insbesondere wie sie zur Analyse von Kundendaten, Überwachung von Verkaufsleistungen und der Identifikation von Trendzahlen eingesetzt werden können. <br>Ich freue mich auf Ihre Unterstützung.","Ich freue mich, über die Integration von Datenanalyse in die Salesforce-CRM-Plattform zu sprechen. Bitte legen Sie einen geeigneten Zeitpunkt fest, um über die Werkzeuge und Funktionen zu besprechen, wie sie bei der Optimierung von Investitionen helfen können, und um Anweisungen zur Integration zu geben. Ich würde mich freuen, Ihre Fragen zu klären und den Zeitpunkt, der Ihnen am angenehmsten ist, zu respektieren.",Request,Sales and Pre-Sales,medium,de,400,Feature,Documentation,Feedback,IT,Tech Support,,,
Probleme mit der Marketingagentur,"Bericht über die Verlangsamung der Systeme, die durch die Ansicht digitaler Strategien der Marketingagentur verursacht wird. Mögliche Ursache könnte eine Überlastung der Serverkapazität sein. Das Problem wurde bereits durch das Reduzieren der Intensität unserer Marketingkampagnen und das Leeren des Caches angegangen, jedoch besteht das Problem weiterhin. Wir schätzen eine schnelle Untersuchung, um eine Lösung zu finden. Die Verzögerung beeinträchtigt die Gesamtleistung erheblich, daher ist eine zügige Behebung notwendig. Bitte informieren Sie uns, falls weitere Informationen benötigt werden, um die Untersuchung zu unterstützen.","Untersuchen Sie das Problem der Systemverlangsamung, das durch die digitalen Strategien der Marketingagentur verursacht wurde. Bitte stellen Sie die Serverprotokolle mit Details zu den Marketingkampagnen bereit. Kontaktieren Sie <tel_num>, um den Bedarf zu besprechen.",Incident,IT Support,high,de,52,Performance,Network,Outage,Disruption,Recovery,,,
Problems with Marketing Tools,"Customer support has reported that multiple marketing tools used for report writing are experiencing sporadic outages, likely due to recent system maintenance. Despite performing basic troubleshooting steps such as resets, the issues remain unresolved. These tools are essential for operations, and the downtime is causing considerable disruptions. Attempts to restart services, update software, and verify network connectivity have not resolved the problem. Your assistance in investigating this matter would be greatly appreciated.","We received your email regarding the issues with marketing tools and understand the urgency. To assist you effectively, please provide specific error messages and the exact times when outages occurred. You can contact us at <tel_num> to discuss potential solutions or workarounds, referencing <acc_num>.",Incident,Service Outages and Maintenance,low,en,52,Outage,Maintenance,Recovery,IT,Tech Support,,,
Support Inquiry on Data Analytics for Investment Optimization,"Hello, we are seeking support with understanding how data analytics can be utilized to optimize investments for better outcomes. Could you provide some insights or guidance on the topic? We would greatly appreciate any information or assistance you can offer. Thank you for your time and assistance. We look forward to hearing from you soon. Please let us know if there is any additional information you need from us. We are eager to learn more about this subject and benefit from your expertise. Your support is greatly appreciated.",We will provide general information on how data analytics can be used to optimize investments. Please let us know if you would like to schedule a call to discuss your specific questions and topics in more detail.,Request,Customer Service,medium,en,400,Feedback,IT,Tech Support,,,,,
App-Crash Reports,"Benutzer berichten von häufigen Abstürzen der App auf Android 12 und iOS nach Projektaktualisierungen, vermutlich aufgrund kürzlicher Fehler bei der Terraform-Bereitstellung. Ein Versuch, durch schnelles Rollback und Cache-Löschen die Probleme zu beheben, blieb erfolglos, die Abstürze bestehen weiterhin.","Es wurde eine E-Mail bezüglich der App-Crash-Berichte auf Android 12 und iOS im Zusammenhang mit Projektaktualisierungen empfangen, wobei möglicherweise kürzliche Fehler bei der Terraform-Bereitstellung die Ursache sind. Das Problem ist zu untersuchen; bitte kontaktieren Sie <tel_num>, um die nächsten Schritte zu besprechen und mögliche Lösungsansätze zur Fehlerbehebung zu erörtern.",Problem,IT Support,high,de,52,Crash,Performance,Outage,Recovery,IT,Tech Support,,
Bekannte Bedenken bezüglich Datensicherheit,Ein unbeabsichtigter Zugangversuch wurde festgestellt. Passwörter wurden aktualisiert.,"Sehr geehrte/r [Name],\n\nvielen Dank für Ihre Aufmerksamkeit. Die Angelegenheit haben wir bereits geregelt und sofortige Maßnahmen getroffen. Bitte passen Sie Ihre Passwörter an, um jegliche potenziellen Datensicherheitsprobleme zu vermeiden. Wir nehmen die Sicherheit unserer Kunden-Daten sehr ernst und möchten die Angelegenheit genauer untersuchen.\n\nKönnten Sie uns bitte weitere Details zur unbeabsichtigten Zugangsvorhandenheit mitteilen? Zum Beispiel, wann und zu welcher Uhrzeit das Vorliegen stattgefunden hat, oder welche Fehlermeldungen Sie erhalten haben? Diese Informationen helfen uns, besser zu verstehen, welche notwendigen Schritte getroffen werden müssen.\n\nMit freundlichen Grüßen",Incident,Billing and Payments,medium,de,400,Security,Login,Alert,,,,,
Request for IFTTT JIRA Integration,"customer support, request integration project management tools IFTTT and JIRA to enhance automation and collaboration capabilities. integration would significantly boost team's productivity and workflow. IFTTT enables automating repetitive tasks and focusing on complex issues, while JIRA provides a robust platform for tracking and managing projects. believe this integration would be a valuable addition to our toolkit. I would like to know more about how we can implement it. Please let","Dear <name>, thank you for reaching out to the service desk regarding the integration of IFTTT and JIRA. We appreciate your interest in enhancing your team's productivity and workflow. To move forward with your request, we would like to discuss the technical requirements and feasibility of the integration. Could you please provide us with information about your current setup and specific automation tasks you would like to achieve? We are happy to schedule a call at <tel_num> to discuss the details and provide guidance on the next steps.",Change,General Inquiry,low,en,400,Feature,IT,Tech Support,Feedback,,,,
Support for SaaS Integration,"Customer Support is inquiring about integrating the scalable SaaS project management platform Xero with Magento 2.4. Could you supply detailed information regarding the integration process, including the necessary steps, prerequisites, and any potential limitations? We would also appreciate access to documentation resources that outline the integration procedure. Furthermore, we are interested in understanding any additional costs or fees involved in the integration. Our goal is to streamline project management and accounting workflows by implementing this integration.","We can assist with integrating the SaaS solution Xero into Magento 2.4. Please review the request and provide detailed information about the integration process, requirements, and any additional costs or fees associated with it.",Request,Customer Service,low,en,52,Feature,Documentation,IT,Tech Support,,,,
,"Customer Support, documenting a critical issue with HubSpot CRM performance. The system is running slowly, which is severely affecting investment analysis. Attempts to troubleshoot, including restarting devices, updating software, and rebooting network equipment, have not resolved the problem. It appears that software conflicts within the network may be causing these delays. We would greatly appreciate your assistance in resolving this issue as soon as possible, as our team depends heavily on CRM functionality.","<name>, sorry to hear you're experiencing issues with HubSpot CRM performance. We'd like to help resolve this matter promptly. Please provide details about the slow performance, including any specific actions that are delayed or error messages received. To investigate further, we will need your <acc_num>. We also suggest scheduling a call at <tel_num> to discuss the next steps.",Problem,IT Support,medium,en,52,Performance,Network,IT,Tech Support,,,,
Documenting Security Incident Occurrence Today,"Customer Support, compiling report on the security incident that occurred within the hospital system. An unauthorized access attempt to medical data was detected, possibly due to a recent phishing attack that targeted the staff. Immediate action was taken by changing login credentials and enhancing firewall settings. However, issues still persist. I kindly request your assistance in investigating this matter and providing guidance and additional steps to secure the system. Please","Recognizing the security breach incident and appreciating the measures taken so far. To assist further, could you please provide details on the current system configuration? Additionally, scheduling a call to discuss the next steps would be helpful.",Incident,Technical Support,high,en,400,Security,Incident,Login,Virus,IT,Tech Support,,
Security of Medical Data,"The hospital's medical data security has been compromised, possibly due to a software vulnerability. The team has updated the systems, reset passwords, and monitored logs, but the issue continues. We need your help to resolve this matter quickly to ensure the security of patients' sensitive information. Please provide guidance on the next steps to take.",We will assist in resolving the medical data security issue. Please provide details on the software vulnerability and the steps the team has taken so far. We will schedule a call to discuss the next steps to ensure the security of patients' information.,Incident,Product Support,medium,en,52,Security,Data Breach,Vulnerability,IT,Tech Support,,,
,Könnten Sie bitte detaillierte Abrechnungsrichtlinien sowie die verfügbaren Zahlungsoptionen für Investment-Datenanalyse-Dienste bereitstellen? Ich möchte mehr über die verbundenen Kosten erfahren.,"Sehr geehrter Kunde, vielen Dank für Ihre Anfrage bezüglich der Abrechnungsrichtlinien, Zahlungsoptionen und Investment-Datenanalyse-Dienste. Wir bieten verschiedene Zahlungspläne an, darunter monatliche und jährliche Abonnements. Die Kosten variieren je nach Art der Dienstleistung und den benötigten Daten. Gerne stellen wir Ihnen detaillierte Informationen zur Verfügung oder besprechen diese persönlich. Wäre ein telefonisches Beratungsgespräch zu einem passenden Zeitpunkt möglich, um die Optionen durchzugehen und eventuelle Fragen zu den Dienstleistungen und den verbundenen Kosten zu klären?",Request,Billing and Payments,medium,de,52,Billing,Payment,Data Analysis,Service,Cost,Documentation,,
Hilfe bei Krankenhaus-IT-Systemen,"Es kam zu unerwarteten Dienstausfällen, die die Krankenhaus-IT-Systeme störten und die Produktivität der Mitarbeiter sowie die Versorgung der Patienten negativ beeinflussten. Als erste Schritte zur Problembehebung wurden die Geräte neugestartet und das Netzwerkintegrität überprüft.","Sehr geehrte/r [Name], wir bedauern die unerwarteten Dienstausfälle, die die Krankenhaus-IT-Systeme beeinträchtigt haben. Wir verstehen die Dringlichkeit des Problems und seine Auswirkungen auf die Mitarbeiterproductivität und die Versorgung der Patienten. Wir haben bereits erste Schritte unternommen, indem wir die Geräte neugestartet und die Netzwerkintegrität überprüft haben. Falls Sie weitere Unterstützung benötigen, teilen Sie uns gerne mehr Details oder Symptome mit, die Sie beobachtet haben. Falls nötig, können wir eine Konferenz im angemessenen Zeitpunkt vereinbaren, um das Problem zu besprechen und eine Lösung zu finden. Bitte geben Sie uns den geeigneten Zeitpunkt für einen Anruf an.",Incident,Service Outages and Maintenance,high,de,400,Outage,Disruption,Performance,Network,IT,Tech Support,,
Problem with Financial Firm's Data Analytics System,"During peak processing hours, the financial firm's data analytics system encountered an outage, disrupting investment optimization activities. The outage might have been caused by server overload or software compatibility issues. We have restarted the affected services and reviewed system logs to identify errors.",We apologize for the outage and would appreciate it if you could provide the system logs for review to determine the root cause and prevent similar occurrences in the future. Please join the scheduled call to discuss the issue in detail.,Incident,Service Outages and Maintenance,high,en,400,Outage,Performance,Network,Bug,IT,Tech Support,,
,"There has been a decline in engagement for recent campaigns. This might be due to outdated strategies or misalignment with the audience. Adjustments have been made to the messaging and metrics analyzed, but improvements are minimal. Assistance is needed to increase engagement.","I would be glad to help boost engagement rates. Could you please provide details on the recent campaigns, including the adjusted messaging and analyzed metrics? We can schedule a call at <tel_num> to discuss and identify potential solutions, which can be discussed on <acc_num>.",Problem,General Inquiry,low,en,400,Feedback,Performance,Documentation,,,,,
Optimize Data Analytics Retrofits,Enhance data analytics tools for better investment retrofits and reporting processes.,Review and optimize data analytics tools to ensure improved investment retrofits and reporting processes.,Change,Returns and Exchanges,low,de,400,Performance,Product,Feature,Feedback,,,,
Unplanned Service Disruption Impacts Several Essential Applications,"An unexpected service disruption took place, impacting various applications. This may be due to recent software updates or network problems. Efforts to address the issue included restarting the applications and verifying network settings.",Will investigate and resolve the issue as soon as possible,Incident,Service Outages and Maintenance,high,en,400,Disruption,Network,Performance,Maintenance,IT,Tech Support,,
Unerwarteter Dienstausfall am Heutigen Tag,Wichtige Tools ClickUp und PostgreSQL operieren unter der Annahme eines möglicherweise durch Cyberangriff verursachten Netzwerkausfalls.,"Sehr geehrte(r) <name>, es gibt einen Dienstausfall, bei den Tools ClickUp und PostgreSQL. Wir sind über Ihre Meldung informiert und untersuchen die Ursache. Bitte melden Sie sich, falls Sie sofortigen Updates benötigen. Sie können uns an der Nummer <tel_num> erreichen, um weiterzureden. Vielen Dank.",Incident,Service Outages and Maintenance,high,de,400,Outage,Network,Security,Disruption,,,,
Aktualisierung der Integrationsmöglichkeiten,"Geliebte Kundensupport, ich möchte um eine Aktualisierung der Produktintegrationsoptionen für Salesforce CRM bitten. Wir nutzen verschiedene Werkzeuge zur Projektverwaltung und glauben, dass die Verbesserung der Integrationsfunktionen den Arbeitsablauf erheblich verbessern würde. Insbesondere wünschen wir die Integrierung der Projektverwaltungsoberfläche mit Salesforce, um die Datenwechsel zu synchronisieren und fortlaufend zu verfolgen. Das würde uns helfen, Aufgaben den verschiedenen Teams effizienter zuzuweisen. Wir würden uns freuen, wenn Sie die Angelegenheit umsehen und uns bald eine Lösung anbieten könnten. Vielen Dank für Ihr Verständnis.","Geliebter [Name], vielen Dank für Ihren Anruf in Bezug auf die Aktualisierung der Integrationsmöglichkeiten von Salesforce CRM. Wir verstehen die Vorteile, die die Integrierung Ihrer Projektverwaltungsoberfläche mit Salesforce bieten könnte. Um Ihnen eine individuellere Lösung anzubieten, könnten wir bitte mehr Informationen zu Ihrer Projektmanagement-Software und den spezifischen Integrationsfunktionen benötigen, die Sie benötigen. Wir könnten uns gerne telefonisch verbinden ([Telefonnummer]), um diese Diskussion so bald wie möglich zu führen. Wir kümmern uns um diese Angelegenheit und bieten Ihnen bald eine Lösung an.",Change,Sales and Pre-Sales,low,de,400,Feature,Product,Feedback,IT,,,,
Data Analytics System Failures,"Our firm has encountered issues with data analytics systems, which are impeding our investment optimization processes. These failures may be due to software conflicts or network problems. We have attempted to resolve them by restarting systems, updating software, and checking connections. Our efforts were made to address the issue swiftly and minimize its impact on operations. However, the problems continue, indicating the need for a thorough analysis potentially requiring expert intervention. Given the significance of these data analytics failures on our investment strategies, which rely on accurate data, we urgently need to diagnose and resolve these issues.",We recommend scheduling a call to discuss the diagnosis and resolution of the data analytics failures. Please let us know a suitable time to reach you at <tel_num>.,Problem,Technical Support,high,en,52,Bug,Network,Performance,Disruption,Recovery,,,
Query on Integration Features of SaaS Solution with Google Meet and Schoology,"I am seeking detailed information on the integration capabilities of the SaaS solution with Google Meet and Schoology. Specifically, I am interested in understanding how the solution enhances virtual meetings and online learning experiences. Could you provide details on how the solution allows for seamless scheduling and joining of Google Meet meetings, as well as how it enables the assignment and tracking of assignments within Schoology? Any additional information provided would be greatly appreciated.","I am pleased to provide information on the integration capabilities of the SaaS solution with Google Meet and Schoology. The solution seamlessly integrates Google Meet, enabling easy scheduling and joining of meetings directly from the platform. It also allows for the assignment and tracking of assignments within Schoology. The solution supports a range of features, including single sign-on, calendar integration, and meeting analytics. The integration with Google Meet also includes features such as automated meeting reminders and one-click meeting join functionality.",Request,Sales and Pre-Sales,medium,en,400,Feature,Documentation,Feedback,IT,Tech Support,,,
Detected Unauthorized Access to Medical Records,The medical data was accessed without authorization due to insufficient security measures in the network. Initial steps such as modifying firewall settings and resetting passwords were undertaken to address the breach. We are concerned about the confidentiality of patient information and seek prompt support to reinforce the network security and prevent further incidents.,"<name> is composing an acknowledgment email regarding the unauthorized access to medical records caused by weak network security protocols. They recognize the seriousness of the situation and the importance of safeguarding patient privacy. To assist in resolving the issue effectively, please provide details about the initial firewall adjustments and password resets attempted. Additionally, sharing information about other security measures in place would be beneficial.",Incident,Sales and Pre-Sales,medium,en,52,Security,Network,Breach,Confidentiality,Firewall,Password,Unauthorized Access,
Issue with Data Analytics Tools Affecting Investment Optimization,There are ongoing issues with the data analytics tools that are disrupting the investment optimization processes.,"<name> responds with an acknowledgment email concerning the data analytics error that is impacting investment optimization workflows. Apologizes for the persistent problem and expresses a desire to resolve it as soon as possible. Offers to better understand the issue by requesting more details on the error message and the steps already taken to troubleshoot. Also, asks for information on the specific data analytics tools that are affected and suggests scheduling a call for further assistance.",Incident,Human Resources,low,en,400,Bug,Performance,IT,Tech Support,,,,
Probleme bei der Verbindung zu Datenanalysewerkzeugen,"Es wurden Verbindungsprobleme mit Datenanalysewerkzeugen auf Geräten gemeldet, die sich nach Softwareupgrades und Konfigurationsänderungen ergeben haben.","Sehr geehrte [Name],\n\nleider haben wir von Verbindungsproblemen mit Datenanalysewerkzeugen auf Ihren Geräten erfahren. Um Ihnen besser zu helfen, wäre es hilfreich, wenn Sie die genaue Fehlermeldung sowie die Zeitpunkt der Softwareupgrades und Konfigurationsänderungen bekanntgeben könnten. Bitte geben Sie mehr Details, damit ich das Problem untersuchen und eine Lösung anbieten kann.",Incident,Product Support,medium,de,400,Network,Performance,IT,Tech Support,,,,
Assistance for New Safety Incident Report,"Dear Customer Support, I am writing to report a recent safety incident at the hospital where a medical data breach occurred due to unauthorized access to the IT systems. The incident is believed to be caused by outdated security protocols and user errors. Despite attempting to update the security software and review access logs, the issue persists. I appreciate your guidance on solving this problem and preventing future incidents. Please provide the next steps. Thank you for your support.","Dear [Name], we have acknowledged the reported safety incident at the hospital. To assist further, we need more details on the steps taken so far and the compromised data and security software commands used. Please provide these details so we can discuss the next steps and offer guidance on resolving the issue. We will arrange a call at [Phone Number] to address these matters.",Incident,Returns and Exchanges,high,de,400,Security,Bug,Performance,IT,Tech Support,,,
Detected Error in Payment Processing System,"We are encountering problems with the billing system that are hindering our ability to process payments. This may be related to a recent software update. Despite restarting the systems and verifying account information, the issue remains unresolved. We would be grateful for your assistance in resolving this matter promptly to prevent service disruptions. Please help us address the billing system problem.","Thank you for bringing this issue to our attention. We apologize for the inconvenience caused by the billing system problem. To assist further, could you please provide details about the recent software update and the exact error message encountered when attempting to process payments? This information will help us better understand the issue and develop an effective solution. If necessary, we can also schedule a call to discuss the details and work together towards a swift resolution.",Problem,Billing and Payments,high,en,52,Bug,Payment,Outage,Disruption,Software,Security,,
Airtable Integration Inquiry for Project Management,"Seeking information on integrating the Airtable project management SaaS platform. Would like to know more about the integration process, its benefits, and any potential drawbacks. Appreciate any details to help get started and any support resources available.",I would be happy to discuss the Airtable integration. Please let me know your available times for a call to go over the details and plan the next steps.,Request,Customer Service,medium,en,400,Feature,Documentation,Feedback,Tech Support,,,,
Request for Invoice Discount,"I am writing to request an invoice discount for marketing services, digital strategies for brand growth initiatives, and product-related services. Since the provided services did not meet expectations, I believe a discount is necessary. I appreciate it if you could review the account balance and provide the appropriate discounts as soon as possible. Please inform me if you need any additional information to process the request.","I will review account number <acc_num> and verify the provided marketing services. Once the review is complete, I will determine if an invoice discount is justified. I will contact you soon with an update.",Change,Billing and Payments,medium,de,400,Billing,Account,Refund,Sales,Feedback,,,
Security Concern in Healthcare Data,"Dear Customer Support, I am preparing a report regarding a security concern within a healthcare provider's network, which shows signs of unauthorized access. This could potentially jeopardize the confidentiality of sensitive medical information. An initial assessment indicates that the issue might stem from outdated firmware on Ubiquiti devices. To address this vulnerability, we have updated the firmware to the latest version and performed comprehensive scans for existing vulnerabilities. Unfortunately, despite these efforts, the problem continues. It is crucial to resolve this promptly to safeguard the system.","<name>, we appreciate your report of the security concern. We take data security very seriously and will assist in resolving this issue. To diagnose the problem accurately, we require the latest firmware version details and device logs. Kindly provide this information so we can determine the next steps, including any necessary patches or additional troubleshooting, to ensure the network's security and protect patient information.",Problem,IT Support,medium,en,52,Security,IT,Confidentiality,Network,Data Breach,,,
Support Request for Integration of DocuSign into SaaS Project Management Solution,Seeking details on integrating DocuSign into our SaaS project management solution to significantly enhance workflow and productivity. Looking to gain a deeper understanding of the implementation process. Thank you for your support and looking forward to hearing back soon.,"Thank you for your interest in integrating DocuSign into our SaaS project management solution, which will streamline workflows and improve productivity through electronic signatures and automated document management. We would be glad to discuss the benefits of the implementation process in detail. Please provide more specific information about your current workflow and requirements to better tailor the implementation. I look forward to scheduling a meeting to discuss and create a customized implementation plan that meets your needs.",Request,Billing and Payments,medium,de,400,Feature,Documentation,IT,Tech Support,,,,
Urgent: Request for Immediate Update of Data Analytics Software,"Dear Customer Support, I am submitting a request to update our existing data analytics tools and their software integrations. The current system is outdated, which is negatively impacting the accuracy of our investment optimization reports. We would like to upgrade to the latest version of the software, which includes new features such as machine learning algorithms and real-time data processing. This upgrade will help us make better-informed investment decisions and enhance overall performance. Your prompt attention to this matter would be greatly appreciated.","We have received your request to update the data analytics tools and software integration. We will review your request and provide a timeline for the update shortly. For further details or to discuss the upgrade to the latest version, please contact <tel_num>.",Change,Returns and Exchanges,medium,en,52,Feature,Performance,Outage,Update,Software,IT,,
Issue with Security of Hospital IT Systems,"System error exposed medical data, security protocols were breached. A restart was attempted, and there are irregularities with access albums.",Currently investigating the security breach in the hospital IT systems. Please provide more details on the system errors and access albums. We need to discuss this further. Can you suggest a convenient time for a phone meeting? Please share your preferred time window for a call. <tel_num>,Incident,Returns and Exchanges,low,de,400,Security,IT,Tech Support,Bug,,,,
Probleme mit Anwendungsabstürzen,"Lieber Kundenservice, ich melde ein Problem mit der Anwendung. Während einer gemeinsamen Projekt-Sitzung berichteten Benutzer über Abstürze der Anwendung beim Exportieren von Dateien. Die Abstürze scheinen auf Speicherallokationsprobleme im Verlauf hohen Lastverkehrs zurückzuführen. Ich habe bereits versucht, die Anwendung zu neustarten und den Cache zu leeren, aber das Problem behält sich hartnäckig bei. Die Anwendung stürzt regelmäßig ab, wenn gleichzeitig mehrere Benutzer versuchen, Dateien zu exportieren. Ich habe versucht, das Problem zu debuggen und eine Lösung zu finden. Könnten Sie bitte nachprüfen, ob das Problem aufgetreten ist, und mir bei Bedarf weitere Details geben, um mögliche Lösungen zu besprechen?","Ihre E-Mail zur Anwendungsabstürze erhalten. Wir werden uns um diese Angelegenheit kümmern. Bitte geben Sie uns Ihre Kontonummer, damit wir am passenden Zeitpunkt mit Ihnen telefonieren können, um weitere Details zu besprechen und mögliche Lösungen zu erörtern.",Problem,IT Support,high,de,400,Bug,Crash,Performance,IT,Tech Support,,,
Decrease in Observed Digital Brand Engagement,The agency has noticed a decrease in brand engagement through digital strategies.,"To address the decrease in digital brand engagement, please provide specific metrics and the timeframe of the decline. This will help us better assist in resolving the issue. Let's schedule a call to discuss what is needed.",Incident,Returns and Exchanges,low,en,400,Feedback,Performance,Feature,,,,,
Integration of SaaS with Google Nest,"Dear Customer Support, I would like to request detailed instructions for integrating scalable SaaS project management software with Google Nest Wi-Fi routers. Please provide a step-by-step guide for the setup process, including any specific requirements, compatibility issues to be aware of, and relevant resources or references. Your assistance in facilitating the integration process would be greatly appreciated. Thank you for your support and time. I look forward to your prompt response.",Send the integration instructions via email today,Request,Customer Service,medium,de,52,Product,Documentation,Support,Integration,SaaS,Compatibility,,
Support for Data Security Measures,Can you provide details on data security solutions for healthcare providers and hospital systems? I would like to know the measures that can be put in place to protect sensitive patient information and ensure compliance with industry regulations.,Robust data security solutions can help healthcare providers protect patient information and ensure compliance with industry regulations.,Request,Product Support,low,en,400,Security,Compliance,IT,Tech Support,,,,
Assistance with Campaigns,"We are observing reduced engagement in our digital campaigns. Having reviewed user feedback and adjusted targeting, we require assistance in pinpointing the root causes to improve their effectiveness.","<name>, can you assist with the issue of decreased engagement in our digital campaigns? We have already analyzed user feedback and adjusted the targeting, but we still need help in identifying the underlying issues. To better understand the situation, we would appreciate detailed information on the campaigns' performance, the platforms used, and specific metrics showing the decreased engagement. This information will help provide tailored support and guidance to enhance the effectiveness of our campaigns. Thank you.",Problem,Product Support,medium,en,400,Feedback,Performance,Documentation,,,,,
Hilfe bei Projektladeverzögerungen,"Benutzer hat Spitzenzeiten und Verzögerungen bei der Projektladegeschwindigkeit gemeldet. Es wird vermutet, dass erhöhte Serveranforderungen die Ursache sind. Obwohl Caches geleert und bestehende Datenbankabfragen optimiert wurden, hat sich die Situation nicht gebessert und stört den Arbeitsablauf. Bitte geben Sie dringend Ihre Unterstützung bei der Lösung des Problems und der Bereitstellung einer geeigneten Lösung, um zukünftige Vorkommnisse zu vermeiden.","Benutzer hat E-Mail über Projektladeverzögerungen erhalten. Um besser helfen zu können, benötige ich weitere Informationen über die aktuelle Serverkonfiguration und Nutzungsmuster. Bitte rufen Sie mich während der Freizeit an, um diese Details zu besprechen. Geben Sie mir bitte eine geeignete Zeit an, um anzurufen: <tel_num>. Danke für Ihre Zusammenarbeit.",Incident,Product Support,low,de,400,Performance,Network,IT,Tech Support,,,,
Issue with Access to SaaS Functionality,Noted a sudden failure in accessing essential SaaS features. This might be due to a server overload or configuration issue. Steps taken include attempting to restart the affected applications.,"{name}, we acknowledge your email regarding the issue with accessing SaaS functionality and apologize for the inconvenience this has caused. We understand that your team has already attempted to restart the affected applications. To better assist in resolving the issue, could you please provide any error messages you are receiving when specific functionalities are inaccessible? Additionally, could you confirm the last time the applications were functioning correctly and if there have been any recent changes to the configuration? Your cooperation is greatly appreciated.",Incident,Human Resources,medium,en,400,Bug,Performance,Outage,IT,Tech Support,,,
Internetunterbrechung beeinträchtigt Gesundheitsservices,"Ein Gesundheitsdienstleister erlebte unerwartete Internetausfälle, die die Sicherheit medizinischer Daten im Krankenhaus-IT-System beeinträchtigten. Ein möglicher Ausfall des D-Link DIR-895L Routers wurde festgestellt. Trotz Neustarts und Überprüfung der Azure-Dienste besteht das Problem weiterhin. Zusätzliche Unterstützung ist erforderlich, um das Problem zu beheben und die Sicherheit der medizinischen Daten zu gewährleisten.","Der Internetausfall beeinflusst die Gesundheitsdienste. Bitte setzen Sie die Fehlersuche beim D-Link DIR-895L Router fort und teilen Sie uns weitere Details zu Fehlermeldungen oder Symptomen mit, die Sie beobachten. Kontaktieren Sie <tel_num>, um die nächsten Schritte zu besprechen.",Incident,Service Outages and Maintenance,high,de,52,Network,Outage,Disruption,Security,IT,Tech Support,,
Marketing-Kampagnen mit veralteten Strategien wirken unterleitend,Die Marketing-Kampagnen wirken unterleitend aufgrund veralteter Strategien.,"Es wird empfohlen, die Marketing-Kampagnen zu überprüfen und Vorschläge für eine aktualisierte Strategie zu unterbreiten, um die Leistung zu verbessern. Bitte geben Sie mehr Details zu den aktuellen Kampagnen und ihren Zielen an.",Incident,Technical Support,medium,de,400,Feedback,Sales,Feature,,,,,
,"Konflikte im System haben die Sicherheit medizinischer Informationen sowie die Stabilität der Krankenhaus-IT beeinträchtigt, bedingt durch Fehler in der Software-Integration.","Wir entschuldigen uns für die Beeinträchtigung der Sicherheit medizinischer Daten und der Stabilität der Krankenhaus-IT durch Systemkonflikte. Die Fehler in der Software-Integration werden behoben. Bitte stellen Sie uns weitere Details zum Problem zur Verfügung. Wir werden Sie zum passenden Zeitpunkt kontaktieren, um die nächsten Schritte zu besprechen und eine Lösung zu planen.",Incident,Technical Support,medium,de,52,Security,Software,Maintenance,Disruption,,,,
Concerns About Medical Data Access,"An incident was reported involving possible unauthorized access to medical data. This might have happened due to misconfigured network settings or outdated software. The team has checked the firewall settings and updated the software components, finding a resolution. Assistance is needed to resolve the issue and prevent any potential unauthorized access.","Acknowledging receipt of the email regarding the issue with medical data access. To investigate the potential unauthorized access, please provide information about the incident, including the date and time it occurred and any error messages received. It would be helpful to know the current network settings and software versions in use. Additionally, please schedule a call at your earliest convenience to discuss the issue in detail and determine the next steps to resolve and prevent potential unauthorized access.",Incident,Customer Service,low,en,400,Security,Network,IT,Tech Support,Performance,,,
Issue with Avid Pro Tools,"Dear Support Team, I am experiencing difficulties with Avid Pro Tools and would like to report an issue. The software has crashed during the project export process, which has had a significant impact on our workflow. I suspect this issue might be related to recent software updates or insufficient hardware resources. Despite my attempts to resolve the issue by restarting the system and reinstalling the software, the problem still persists. Our team relies heavily on Pro Tools for daily operations, and the disruption is causing significant delays. I would greatly appreciate your assistance in resolving this matter.",We apologize for the issues you are experiencing with Avid Pro Tools and are ready to assist you in resolving the matter. Could you please provide us with your system specifications and the exact error message you are receiving? This information will be helpful for our troubleshooting. We may need to contact you at <tel_num> at your convenience to further discuss the issue related to your account <acc_num>. Thank you.,Incident,IT Support,high,en,400,Bug,Performance,Hardware,IT,Tech Support,,,
,"Sehr geehrter Kundendienst, ich habe Probleme beim Zugriff auf die Preisinformationen. Kürzliche Aktualisierungen der Website könnten die Ursache sein. Ich habe versucht, den Cache zu löschen und verschiedene Browser zu verwenden, was erfolgreich war. Bitte unterstützen Sie mich bei der Behebung dieses Problems.","Sehr geehrter Kunde, vielen Dank für Ihre Kontaktaufnahme. Gerne helfe ich Ihnen beim Zugriff auf die Preisinformationen. Bitte geben Sie weitere Details an, z.B. die genaue Seite oder den Bereich, bei dem Sie Schwierigkeiten haben. Wir werden die Problematik untersuchen und nach einer Lösung suchen. Falls erforderlich, rufen wir Sie zu einem passenden Zeitpunkt an, um Ihnen weiterzuhelfen.",Incident,Sales and Pre-Sales,low,de,52,Bug,Performance,Website,Cache,Browser,Recovery,,
Billing Discrepancies at Financial Institution,"Dear Customer Support, I am reaching out to highlight an urgent issue concerning billing discrepancies encountered by a financial institution utilizing Cassandra IBM SPSS services. Despite our manual efforts to reconcile invoices and verify software versions, the problem remains unresolved. We suspect the root cause may be linked to integration errors with Zapier, which we are using to streamline our operations. These discrepancies are causing significant stress and financial strain on our company, and we are eager to resolve this matter as soon as possible. Your prompt assistance would be greatly appreciated.","Dear <name>,\n\nThank you for your email regarding the billing discrepancies related to Cassandra IBM SPSS services. We recognize the urgency of this issue and its impact on your organization. We are currently investigating the matter and would appreciate it if you could provide detailed logs and information about the specific errors encountered during Zapier integration, along with the steps you have taken so far.\n\nAdditionally, we would like to schedule a convenient time to discuss this further. Please let us know a suitable contact number and preferred time for a call.\n\nBest regards,\n\n<name>",Problem,Billing and Payments,high,en,52,Billing,Discrepancy,Payment,Refund,Account,,,
Improve Data Analytics Abilities,request improvements in data analytics abilities investment optimization through Google Cloud Platform integration of pertinent tools for enhanced insights and decision-making.,"\""name\"", thank you for reaching out about improving data analytics abilities and investment optimization using Google Cloud Platform. We would be happy to assist in integrating relevant tools for enhanced insights and decision-making. To better understand your requirements, could you please provide specific information on the enhancements you are looking for in your current setup? This will enable us to provide a tailored solution that meets your needs. We can discuss the details at a convenient time for you.",Change,Sales and Pre-Sales,medium,en,400,Feature,Feedback,IT,,,,,
Issue with Data Security Access,"Healthcare provider has experienced potential issues with data access, affecting multiple IT systems; a possible misconfiguration or security breach is suspected. Initial troubleshooting included system checks, network diagnostics, and successful software updates. Further investigations have been requested to ensure the security and integrity of medical data within hospital IT systems. Please prioritize this matter for urgent review.",Urgently investigate the data security access issue. Contact <tel_num> to discuss next steps and ensure the security and integrity of medical data within hospital IT systems.,Incident,Sales and Pre-Sales,medium,de,52,Security,IT,Tech Support,,,,,
Challenge with Data Analytics Investment,"The recent efforts to optimize data analytics investments are not yielding accurate insights because of issues with outdated data source integration. Despite refreshing the datasets and troubleshooting the analytics software, the problems continue. We require assistance to resolve the issue and obtain accurate insights.","I understand you're encountering an issue with your data analytics. To better assist, could we schedule a call to discuss the problem in more detail? I'm flexible with my schedule and would be available at your convenience. Please let me know a suitable time to ensure we can resolve the issue and ensure you receive accurate insights from your analytics software. Please confirm your availability so we can proceed with the next steps.",Problem,IT Support,high,en,400,Bug,Performance,IT,Tech Support,Documentation,Feedback,,
Geschäfts-Wachstum,"Sind Sie bereit, um detailliertere Informationen über digitale Strategien zu erhalten, die das Geschäftswachstum verbessern können? Wir möchten Ihnen helfen, Ihre Marketingbemühungen besser zu verstehen und Ihre Online-Präsenz zu erweitern, um größeren Publikumsbereichen zu erreichen. Könnten wir über diese Ressourcen telefonisch diskutieren?","Informationen zu digitalen Strategien, die das Geschäftswachstum steigern, sind verfügbar. Möchten Sie telefonisch darüber sprechen? <tel_num>",Request,Service Outages and Maintenance,high,de,400,Feedback,Sales,Marketing,IT,,,,
Inquiry About Scalability Options for the Project Management SaaS Platform,"Hello, I am inquiring about the scalability options available for the project management SaaS platform. Could you provide detailed information on how the platform manages increased user data? I would greatly appreciate any information provided regarding scalability, including any limitations or potential bottlenecks. Additionally, I would like to know about the future development plans aimed at improving scalability. Thank you for your assistance, and I look forward to hearing from you soon.",Thank you for your inquiry regarding the scalability options of our project management platform. We will provide detailed information on how the platform handles increased user data and kindly request that you contact us at your convenience for a further discussion.,Request,Human Resources,medium,en,400,Feature,Documentation,Feedback,Tech Support,,,,
Request for Support Pending,"I suggest improvements for data analysis tools, seek optimization of performance monitoring, and aim to enhance product quality to make better decisions.","Dear <name>, thank you for your request. We appreciate your suggestions to improve data analysis tools and optimize performance monitoring. To better understand your requirements, could you please provide more detailed specifics regarding the desired improvements? I am looking forward to discussing this further; we could arrange a call at <tel_num> to go over the details and determine the next steps via <acc_num>.",Change,Returns and Exchanges,high,de,400,Performance,Product,Feature,Feedback,IT,Tech Support,,
Unterstützung für die Kostenstelle erforderlich,"Wir benötigen Ihre Unterstützung, da bei der Zahlungsverarbeitung ein Fehler in der Kostenstelle aufgetreten ist. Dies scheint auf Probleme während der Systemaktualisierung zurückzuführen sein. Bitte überprüfen Sie die Zahlungsdetails und geben Sie uns eine detaillierte Beschreibung des Fehlers, einschließlich der Konto-Nr. und spezifischer Fehlermeldungen. Ihre Rückmeldung hilft uns, das Problem zu lösen. Falls nötig, können wir direkt telefonisch besprechen, wie wir den Fall weiter verfolgen können.","Sehr geehrter Kunde, wir benötigen Ihre Unterstützung, um das Kostenstelle-Fehlern zu beheben. Um die Situation besser zu verstehen, benötigen wir zusätzliche Informationen. Könnten Sie uns bitte die Konto-Nr. und eine detaillierte Beschreibung des Fehlers geben, einschließlich spezifischer Fehlermeldungen und der genauen Datumsangaben, an denen das Problem aufgetreten ist? Dies hilft uns, die Lösung zu finden. Falls erforderlich, können wir direkt telefonisch besprechen, wie wir Ihren Fall weiter verfolgen können.",Incident,Billing and Payments,low,de,400,Billing,Payment,Account,IT,Tech Support,,,
Update der Produktintegrationen zur Verbesserung der Kompatibilität,"Sehr geehrter Kundendienst, ich möchte um eine Aktualisierung der Produktintegrationen bitten, um die Kompatibilität mit verschiedenen Tools wie Shopify, Microsoft Office und Notion zu verbessern. Diese Aktualisierung ist notwendig, um eine nahtlose Integration und optimale Leistung zu gewährleisten. Ich würde es begrüßen, wenn Sie die Angelegenheit zeitnah annehmen und eine Lösung bereitstellen könnten. Bitte lassen Sie mich wissen, falls Sie weitere Informationen benötigen, um den Vorgang zu erleichtern. Ich freue mich auf eine baldige Rückmeldung. Vielen Dank für Ihre Zeit und Unterstützung.","Bitte prüfen Sie die Anfrage zur Aktualisierung der Produktintegrationen, um die Kompatibilität mit verschiedenen Tools zu gewährleisten, und kontaktieren Sie uns bei Bedarf für weitere Informationen oder Lösungshinweise.",Change,Sales and Pre-Sales,medium,de,52,Product,Feature,Compatibility,Performance,Maintenance,Support,,
,"Facing difficulties with the marketing agency's digital campaigns. Despite employing various tools, the campaigns continue to underperform. We have attempted resetting configurations, updating software, and analyzing campaign data, but the problem persists. We suspect there may be integration errors across different platforms. We would appreciate your assistance in resolving this issue.","<name>, I understand that the marketing agency's digital campaigns are not performing as expected despite your efforts to resolve the problem. I am happy to help investigate the issue. To better assist you, could you please provide details about the specific tools and platforms you are using, as well as any error messages encountered? It would also be helpful to know what steps you have tried so far and the expected outcomes. If needed, please schedule a call at a convenient time for you, at <tel_num>, to discuss this further. Kindly let me know.",Incident,Sales and Pre-Sales,medium,en,52,Bug,Performance,Software,Integration,Support,,,
 Datenschutzverletzung in Krankenhaus-Systemen ,"Kürzlich trat eine Datenschutzverletzung in den Krankenhaussystemen auf, die unautorisierten Zugriff auf medizinische Akten ermöglicht hat. Mögliche Gründe sind schwache Sicherheitsprotokolle und veraltete Software. Obwohl die Antivirensoftware aktualisiert und ein Netzwerkscan durchgeführt wurde, bestehen weiterhin Probleme. Wir benötigen Ihre Hilfe, um das Problem zu lösen und zukünftige Verletzungen zu vermeiden.","E-Mail-Bericht über Datenschutzverletzung in Krankenhaus-Systemen erhalten. Um Ihnen besser behilflich zu sein, wäre es gut, wenn wir telefonisch miteinander sprechen könnten, um das Problem genauer zu besprechen. Wenn Sie verfügbar wären, wann möchten Sie telefonieren? Bitte geben Sie einen geeigneten Zeitpunkt an, wir freuen uns darauf, der Expertengruppe dabei zu helfen, das Problem zu lösen und zukünftige Verletzungen zu vermeiden.",Incident,Sales and Pre-Sales,medium,de,400,Security,Virus,Network,Performance,IT,Tech Support,,
Technical Issue with Project Management SaaS,"Users have encountered sporadic crashes with the project management SaaS application, which appears to be due to resource conflicts. Rebooting devices, clearing caches, and updating software have temporarily resolved the issue. However, the problem recurs, causing disruptions. We need your assistance to identify the root cause and implement a solution to ensure stable performance.","We are looking into the technical issue with the project management SaaS application. To better assist you, could we discuss the details over the phone at your convenience? Please let us know a suitable time to call at <tel_num> to identify the root cause and implement a solution.",Incident,Technical Support,low,en,400,Crash,Performance,Disruption,IT,Tech Support,,,
"Alert: Unauthorized Access to Medical Records Noted, Potentially Phishing Event","Detected unauthorized access to medical records, likely from a phishing attempt. Enhanced password policies have been implemented and a review of access logs is underway to secure the system and prevent future occurrences.","Dear customer, we have noted an email about an unauthorized access attempt to your medical records. We take this matter seriously and appreciate the steps taken to enhance security. We have initiated stronger password policies and are auditing access logs. Let's discuss additional security measures. Could we schedule a call at your earliest convenience? Please provide a suitable time to reach you at <tel_num> for account <acc_num>.",Incident,Returns and Exchanges,medium,en,400,Security,Alert,IT,Tech Support,Virus,,,
Unterstützung bei Datenanalyse-Dienstleistungen,"Können Sie Details zu Datenanalyse-Dienstleistungen, Optimierung und Investitionen liefern, um kluge Entscheidungen treffen zu können? Ich suche nach zuverlässigen Dienstleistungen, die präzise und zeitgemäße Daten bieten. Ich freue mich auf Ihre Unterstützung und danke Ihnen für Ihre Zeit. Ich freue mich darauf, bald von Ihnen zu hören.","Sehr geehrter <name>, vielen Dank für Ihre Nachricht. Wir schätzen Ihr Interesse an unseren Datenanalyse-Dienstleistungen, Optimierung und Investitionen. Unsere Dienstleistungen bieten präzise und zeitgemäße Daten, die Ihnen dabei helfen, kluge Entscheidungen zu treffen. Ich freue mich darauf, diese Details genauer zu besprechen. Könnten Sie bitte ein passendes Zeitfenster nennen, wann Sie telefonieren können, um weitere Informationen zu erhalten und auf Ihre Fragen zu antworten? <tel_num>",Request,Billing and Payments,medium,de,400,Feedback,IT,Tech Support,,,,,
Boost Digital Marketing Efforts,"enhance brand growth and engagement across various platforms, refine digital marketing tactics, and monitor progress regularly.",evaluate and adopt improved digital marketing strategies to boost brand growth and engagement.,Change,General Inquiry,medium,en,400,Feedback,Sales,Product,,,,,
Urgent Attention Required for Critical Outage in Data Analytics Systems,"A critical outage has impacted our data analytics systems, likely due to recent software updates and network disruptions.","We apologize for the critical outage affecting our data analytics systems and appreciate you bringing this to our immediate attention. We understand the urgency of the situation and are here to help. To investigate the issue, we need more information, specifically any error messages you have observed and details on the exact software updates and network disruptions that occurred. Could you please provide us with the details of the issue you are experiencing? We will schedule a call at your earliest convenience with the number <tel_num> to discuss and resolve the issue as soon as possible.",Incident,Service Outages and Maintenance,high,en,400,Outage,Disruption,Network,Performance,IT,Tech Support,,
Unvorhergesehener Crash,"Es trat unerwartet ein Crash auf, während die Integration von Scikit-learn auf ClickUp unter macOS durchgeführt wurde. Es scheint, dass Kompatibilitätsprobleme mit Bibliotheken, die mit Node.js 14.17 verwendet wurden, die Ursache sein könnten. Versucht, die Pakete neu zu installieren und das Systemsoftware zu aktualisieren, konnte das Problem jedoch nicht beseitigt werden. Der Fehler blieb trotz verschiedener Lösungsversuche unbehandelt.","Sehr geehrte/r [Name], wir bedauern die Probleme, die Sie während der Integration von Scikit-learn auf ClickUp unter macOS hatten. Wir nehmen an, dass Ihre Bemühungen, das Problem durch Neuinstallation der Pakete und die Systemsoftware-aktualisierung zu lösen, ebenfalls in Betracht gezogen werden. Wir möchten das Kompatibilitätsproblem genauer untersuchen und den Ursprung des Crashes ermitteln. Können Sie uns bitte mehr Details zur Fehlermeldung geben, wenn der Crash auftritt? Zudem wäre es hilfreich, wenn Sie die genauen Schritte beschreiben könnten, die Sie zur Integration durchgeführt haben. Falls erforderlich, wären wir dankbar für zusätzliche Informationen. Vielen Dank.",Incident,Technical Support,high,de,400,Crash,Hardware,Performance,Bug,IT,Tech Support,,
Assistance for Marketing Agency,"The marketing agency is experiencing multiple software and hardware issues, which are affecting digital campaigns. A potential cause could be recent system updates.",Investigate problems related to digital campaigns following recent system updates. Please provide additional details about the errors to facilitate further support.,Incident,Returns and Exchanges,low,de,52,Bug,Hardware,Performance,Outage,Disruption,Maintenance,IT,Tech Support
Support Request for Cassandra 4.0 Integration,"Dear Customer Support, please inquire about the integration of Cassandra 4.0 into Project Management Online Services. Could you provide detailed documentation on the process? We are interested in understanding the benefits, challenges of using Cassandra 4.0, and how it can enhance our Project Management capabilities. Specifically, we want to know if Cassandra 4.0 is compatible with our existing infrastructure and what impact it might have on system performance. Thank you for your time and support on this matter. Many thanks for your assistance.",Detailed documentation on the integration of Cassandra 4.0 is available. Please review and contact us at <tel_num> for further discussions.,Request,IT Support,high,de,400,Feature,Documentation,Performance,IT,Tech Support,,,
Hilfe zur Behandlung eines Sicherheitsrisikos in der Klinik-IT-Struktur,"Es wurde eine kritische Sicherheitslücke in unserem medizinischen IT-System festgestellt, das für den Zugriff auf sensible Patientendaten zuständig ist. Diese Schwachstelle scheint auf veralteten Software und schwachen Passwörtern zurückzuführen. Wir benötigen dringend Unterstützung, um die Infrastruktur zu sichern und die Patientendaten zu schützen.","Ich bestätige per E-Mail, dass wir Ihre Nachricht über die Sicherheitslücke in Ihrem Klinik-IT-System erhalten haben. Wir verstehen die Dringlichkeit und die Notwendigkeit, so schnell wie möglich die Sensitivität der medizinischen Daten zu schützen. Bitte helfen Sie uns, mehr Informationen zum Vorfall zu sammeln, z.B. den genauen Zeitpunkt, zu dem er festgestellt wurde, sowie eventuelle Fehlermeldungen. Wir möchten auch wissen, welche Software-Systeme betroffen sind. Könnten wir frühstmöglich telefonisch treffen, um die beste Strategie für die Sicherung der Infrastruktur zu besprechen und zu erarbeiten? Vielen Dank.",Incident,Product Support,high,de,400,Security,IT,Tech Support,Performance,,,,
Bericht Über Sicherheitslücke,"Betreff: Sicherheitslücke in IT-Systemen des Krankenhauses\n\nSehr geehrte Kundenservice-Abteilung,\n\nwir möchten Sie über eine festgestellte Sicherheitslücke in unseren IT-Systemen informieren, die die Integrität medizinischer Daten bedroht. Der unerlaubte Zugriff aufgrund veralteter Software und mangelnder Sicherheitsprotokolle erfolgte. Wir haben versucht, die Software von FL Studio WhatsApp Desktop zu aktualisieren, jedoch blieb die Sicherheitslücke bestehen. Das IT-Team hat die Kubernetes-Konfigurationen beraten, und eine mögliche Lösung wurde gefunden.\n\nWir bitten um dringende Unterstützung, um diese Angelegenheit zu klären und zu verhindern, dass weitere Datenlücken entstehen. Es ist wichtig, dass die Sicherheit der medizinischen Informationen unserer Patienten gewährleistet wird.\n\nMit freundlichen Grüßen,\n[Ihre Abteilung]\n\nKrankenhaus","Sehr geehrter [Name],\n\nwir nehmen den Bericht über die Sicherheitslücke ernst und entschuldigen uns für die Unannehmlichkeiten, die Sie durch den Krankenhaus-IT-Systemen erlitten haben.\n\nUm die Situation besser zu verstehen und wirksam zu helfen, möchten wir weitere Informationen sammeln, insbesondere über die veraltete Software und die spezifische Sicherheitslücke, die erlebt wurde. Es wäre sehr hilfreich, wenn Sie uns mehr Details über die Sicherheitsprotokolle geben könnten, die derzeit eingesetzt werden, und über die genauen Schritte, die das IT-Team unternehmen wollte, um FL Studio WhatsApp Desktop zu aktualisieren. Außerdem schätzen wir Ihre Rückmeldung zu den Kubernetes-Konfigurationen.\n\nGelegenheit ergänzend, möchten wir Sie bitten, uns telefonisch zu kontaktieren.\n\nMit freundlichen Grüßen,\n[Ihr Name]\n[Ihre Abteilung]",Problem,Technical Support,medium,de,400,Security,Bug,IT,Tech Support,,,,
Concern Over Reduced Brand Engagement Amidst Utilized Digital Strategies,"A marketing agency is experiencing reduced brand engagement despite employing various digital strategies. This may be due to outdated content and ineffective targeting. We have analyzed performance metrics and attempted to refresh campaigns, yet with limited success. To improve engagement, we need to reassess the content strategy and targeting methods to better resonate with the audience.","Understand the concern regarding reduced brand engagement despite the use of digital strategies. To better assist you, could you please provide information on the current content strategy and targeting methods? Additionally, it would be helpful to know the specific performance metrics analyzed and the campaigns that were refreshed. This will allow us to provide tailored guidance for reassessing the approach to improve engagement with the audience. I would be available to discuss this further in a convenient call.",Problem,Human Resources,medium,en,400,Feedback,Performance,Documentation,Sales,,,,
Facing Occasional Connection Problems in Our SaaS Solution Lately,"We are encountering occasional connectivity issues with our project management SaaS, which is impacting several integrated tools. These issues might be due to recent system updates or network configuration changes. We have already tried resetting devices, clearing caches, and reviewing usage logs for any insights. Despite these efforts, the problem continues to affect our productivity. Could you please assist us in resolving this matter as soon as possible? We would greatly appreciate any guidance or support you can provide to help us get back on track.",We will investigate the issue and can be contacted at <tel_num>. Please call to discuss and we will provide a solution to resolve the connectivity issues with your SaaS platform.,Incident,Customer Service,low,en,400,Network,Performance,IT,Tech Support,,,,
,"Ein vorangegangener Unbefugter Zugriff auf medizinische Daten im Rahmen des Krankenhausauftrittssystems wurde gemeldet. Dieser Vorfall kann auf eine Verletzung der Netzwerksicherheitsprotokolle zurückgeführt werden. Um das Problem einzuschränken, wurden Sicherheitsvorkehrungen aktualisiert und Diagnoseanschlüsse angeschlossener Geräte durchgeführt.","Wir nehmen den vorangegangenen Unbefugten Zugriff auf medizinische Daten im Krankenhausauftrittssystem sehr ernst. Wir haben angemessen gehandelt und Sicherheitsvorkehrungen aktualisiert, sowie Diagnoseanschlüsse angeschlossen. Wenn Sie weitere Details zum Vorfall liefern können, einschließlich der Zeit des Vorfalls und eventueller Fehlermeldungen, könnten wir dies weiterhin unterstützen. Falls nötig, planen wir einen Anruf, um den Vorfall zu besprechen und die nächsten Schritte zu ermitteln, um die Sicherheit des Systems zu gewährleisten.",Incident,Returns and Exchanges,medium,de,400,Security,Network,Bug,IT,Tech Support,,,
Delayed Loading Performance,"Users report occasional sluggishness when loading the project dashboard, potentially due to recent modifications in the database schema. Cache has been cleared and server logs reviewed for errors, but the problem remains. Kindly investigate and suggest a resolution at the earliest convenience.","We received your message about the slow loading times on the project dashboard. Please conduct a further investigation, especially in light of recent database schema updates. To assist you more effectively, could you please share the server logs and any specific error messages encountered? If needed, we can arrange a call to discuss the issue in detail. Let us know a suitable time to contact you at <tel_num>.",Problem,General Inquiry,medium,en,52,Performance,Network,Bug,Crash,,,,
Verbessern von Datenaufbereitungsinstrumenten,"Ich schreibe, um eine Erhöhung unserer Datenaufbereitungsinstrumente zu beantragen, um Investitionsentscheidungen zu optimieren. Die Verbesserung der Datenvisualisierung, prädiktiven Modellierung und der realzeitigen Berichterstattung ist wichtig. Es ist entscheidend, dass wir Mantenance-Dienststörungen vermeiden. Ich schätze, dass wir das Thema auseinandersetzen und eine Lösung finden könnten, die unsere Bedürfnisse erfüllt. Bitte lassen Sie mich wissen, welche Schritte unternommen werden sollten.","Wir werden den Antrag zur Erhöhung der Datenaufbereitungsinstrumente durchgehen. Bitte rufen Sie uns unter <tel_num> an, um die Diskussion über die Bereitstellung einer Lösung fortzusetzen. Unsere Mindestanforderungenbezüglich der Dienststabilität stimmen überein.",Change,Service Outages and Maintenance,high,de,400,Feature,Performance,Outage,Disruption,Feedback,,,
Unterstützung bei der Optimierung digitaler Marketingstrategien,"Unternehmen suchen Einblicke und Möglichkeiten, um ihre Online-Präsenz zu verbessern und einen größeren Publikumsbereich zu erreichen. Sie möchten ihre Produkte effektiver nutzen, um ihre Ziele zu erreichen. Wir danken Ihnen für Ihre Hilfe und Unterstützung in dieser Angelegenheit.","Wir sind bereit, Ihnen bei der Optimierung Ihrer digitalen Marketingstrategien bei der Unterstützung Ihres Unternehmens bei der Verbesserung Ihrer Produktpresenz zu helfen. Um Ihnen personalisierte Empfehlungen geben zu können, würden wir mehr Informationen über Ihre aktuellen digitalen Marketing-Bemühungen und spezifischen Produkten, die Sie nutzen möchten, gerne haben. Bitte vereinbaren Sie einen Anrufzeitpunkt, um gemeinsam eine Lösung zu finden, die Ihre Online-Präsenz verbessern und Ihnen helfen kann, einen größeren Publikumsbereich zu erreichen. Geben Sie bitte eine geeignete Zeit für den Anruf <tel_num> an.",Request,IT Support,high,de,400,Feedback,Sales,IT,Tech Support,,,,
,"geehrte Kundenservice, ich möchte mich in Bezug auf die gemeldete Reduzierung der Kundennutzungsmaße des letzten Monats wenden. Es ist möglich, dass sich Änderungen in den Algorithmen von Sozialmediaplattformen als Ursache hierfür erweisen. Trotz aller Bemühungen, um den Inhalt zu verbessern und den Werbeaufwand zu erhöhen, konnten wir keine signifikanten Verbesserungen feststellen. Ich wäre sehr dankbar, wenn Sie mir Unterstützung bei der Identifizierung der Grundursache und möglichen Lösungen zur Verbesserung der Kundennutzungsmaße bieten könnten.","geehrte <name>, vielen Dank für Ihre Nachricht und die Meldung zur Reduzierung der Kundennutzungsmaße. Um die Situation besser zu verstehen und die Grundursache zu identifizieren, wäre ich Ihnen sehr dankbar, wenn Sie mir mehr Informationen zu den veränderten Algorithmen und den Schritten, die bisher unternommen wurden, zur Verbesserung des Inhalts und des Werbeaufwands, mitteilen könnten. Bitte teilen Sie mir auch weitere Details zur aktuellen Situation auf den Sozialmediaplattformen und den betroffenen Maßen mit. Ich freue mich darauf, gemeinsam mögliche Lösungen zu erörtern, um die Kundennutzungsmaße zu verbessern. Wir vereinbaren gerne eine weitere Diskussion dazu.",Incident,Customer Service,low,de,400,Feedback,Performance,Feature,IT,,,,
Growth Inquiry,"Dear Customer Service, I am reaching out to inquire about effective digital strategies for growth, brand image enhancement using Squarespace and ClickUp. As an entrepreneur, I am interested in utilizing these tools to expand my online presence and increase customer satisfaction. Could you provide guidance on how to integrate these platforms to improve website and project management, and help me achieve my goals? Additionally, I would appreciate any tips on creating a smooth user experience and more detailed information on available features and best practices for integration.","Dear <name>, thank you for reaching out to Customer Service to inquire about effective digital strategies for growth using Squarespace and ClickUp. To optimize your website and project management workflow, I recommend integrating these platforms to streamline your work process and enhance productivity. We can provide you with step-by-step instructions to ensure a smooth integration and user experience. Furthermore, we can offer advice on available features and templates to assist you in achieving your goals. For more personalized support, please feel free to call at <tel_num>.",Request,Technical Support,high,de,400,Feedback,Sales,Lead,IT,Tech Support,,,
Sicherheitsschwierigkeiten,"Das System wurde durch unerlaubten Zugriff bedroht, und die Sicherheit medizinischer Daten wurde gefährdet. Passwörter wurden aktualisiert und grundlegende Sicherheitsprotokolle wurden implementiert, jedoch besteht das Problem weiterhin. Es gibt potenzielle Schwachstellen in veralteten Softwareprogrammen.","Antwort auf E-Mail zum Sicherheitsproblem: Um potenzielle Schwachstellen in den Softwareprogrammen anzugehen, empfehle ich, eine umfassende Sicherheitsprüfung und eine Software-Update-Maßnahme zu planen. Bitte geben Sie mehr Details zur betroffenen Software und den unerlaubten Zugriffsbemühungen. Ich bin gerne telefonisch erreichbar, um weitere Einzelheiten zu besprechen. Der geeignete Kontakt ist <tel_num>. Wenn Sie ein Termin einlegen möchten, lassen Sie es mich bitte wissen.",Problem,General Inquiry,medium,de,400,Security,Virus,IT,Tech Support,,,,
Unerwarteter Dienstausfall: Krankenhaus-Systeme betroffen,"Der Schutz der Patientendaten wurde durch einen Softwarefehler bedroht, was zu einem unerwarteten Dienstausfall geführt hat, bei dem die Krankenhaus-Systeme betroffen sind.","Sehr geehrte/r [Name], wir bedauern den unerwarteten Dienstausfall, bei dem die Krankenhaus-Systeme betroffen sind. Wir möchten Ihnen für Ihren Einsatz bei dieser Angelegenheit danken. Der Softwarefehler, der die Sicherheit der Patientendaten bedroht, wird mit der höchsten Priorität behandelt. Die technische Abteilung arbeitet daran, das Problem so schnell wie möglich zu beheben. Wir verstehen die Empfindlichkeit der Situation und die damit verbundenen potenziellen Risiken. Um eine schnelle Lösung zu fördern, könnten Sie bitte mehr Details zur Fehlermeldung des betroffenen Systems bereitstellen. Falls ein Telefonat erforderlich ist, stehen wir Ihnen gerne zur Verfügung.",Incident,Service Outages and Maintenance,high,de,400,Outage,Disruption,Security,Bug,Performance,IT,,
Issues Regarding Data Security,An unauthorized access attempt was detected; we have updated the passwords.,"<name> thanks for bringing this to our attention and for taking immediate action to update passwords to prevent potential data security issues. We take the security of our customers' data very seriously and would like to investigate this matter further. Could you please provide us with the details of the unauthorized access attempt, including the date and time it occurred, and any error messages you may have received? This information will help us better understand what happened and take the necessary steps to prevent similar issues in the future.",Incident,Billing and Payments,medium,en,400,Security,Account,Alert,,,,,
Required Support for Smartsheet Integration,Looking for assistance in integrating Smartsheet for Docker project management to achieve a seamless setup and streamline the workflow.,"<name>, we can help with integrating Smartsheet for your Docker project management needs. Let's discuss your specific requirements and find a convenient time to call at <tel_num> or reply via email with more details about your current workflow to better assist in achieving a seamless setup.",Request,Product Support,low,en,400,IT,Tech Support,Feature,Documentation,,,,
,"Dear Customer Support, I am reaching out to inquire about the enhanced security measures for managing medical data across our critical products and tools in healthcare operations. It is vital to protect sensitive patient information and ensure compliance with regulatory requirements. I would greatly appreciate it if you could provide information on the current security protocols in place and any future enhancements planned. Thank you in advance for your assistance; I look forward to hearing from you soon.","We appreciate your concern regarding the security measures for managing medical data and understand the importance of protecting sensitive patient information while ensuring compliance with regulatory requirements. Our current security protocols include encryption, firewalls, and access controls to safeguard patient data. We conduct regular security audits and risk assessments to identify and mitigate potential vulnerabilities. We are continually reviewing and updating our security measures to ensure they remain effective and aligned with industry standards.",Change,IT Support,low,en,400,Security,Compliance,Product,Feature,Documentation,,,
Wachstum der Digitalen Marke,Könnten weitere Details liefern?,"Rufen Sie <tel_num> an, um die Details zum Thema Digitaler Marke zu besprechen.",Request,Sales and Pre-Sales,low,de,400,Feedback,Product,Feature,,,,,
Support for Marketing Agency Issues,Observing a decline in client engagement metrics at the marketing agency due to inefficient digital strategies.,"Review the issue, then contact to discuss a plan for improving digital strategies.",Problem,Returns and Exchanges,medium,de,400,Feedback,Performance,IT,Tech Support,,,,
Request for Assistance in Updating Billing Information for Digital Marketing Strategies and Brand Growth Initiatives,I am reaching out to request an update to my billing information for the products related to our marketing digital strategies and brand growth initiatives. Could you please assist me with this matter? I would greatly appreciate it if you could provide the necessary steps to update my billing information as soon as possible.,"<name> is happy to assist with updating your billing information for marketing digital strategies and brand growth initiatives related products. To update your billing information, please log into your account on the website and navigate to the billing section to edit your billing details. If you are unable to access your account, please provide your <acc_num> and I will be happy to guide you through the process. Alternatively, you can contact <tel_num> for assistance in updating your billing information over the phone. Please provide your new billing information.",Change,Billing and Payments,medium,en,400,Billing,Payment,Account,Product,Feedback,,,
,"Customer Support, I am reaching out to inquire about data analytics services that can help optimize investment strategies for financial firms. Could you provide details on the specific techniques and tools used to analyze market trends and make forecasts? I would also appreciate it if you could share case studies or success stories of financial firms that have benefited from your services. Additionally, I am interested in understanding the types of data you collect to ensure accuracy and data security. Looking forward to learning more about your services.","<name>, I would be happy to discuss the data analytics services you offer. Please let me know a convenient time to schedule a call so we can explore this further. Thank you.",Request,Customer Service,low,en,52,Feedback,Sales,Lead,IT,,,,
Update des Investitionsoptimierungsprozesses,"Sehr geehrter Kundenservice, ich möchte Sie bezüglich der Aktualisierung des Investitionsoptimierungsprozesses kontaktieren, um den Einsatz erweiterter Datenanalysen zur Verbesserung der Entscheidungsfindung zu besprechen. Durch eine fundiertere Investitionsplanung könnten potenziell höhere Renditen erzielt werden. Ich halte es für vorteilhaft, diese Aktualisierung in Betracht zu ziehen, um den Kundenmehrwert zu steigern. Vielen Dank für Ihre Zeit und Aufmerksamkeit.","Sehr geehrter <name>, wir schätzen Ihren Vorschlag zur Aktualisierung des Investitionsoptimierungsprozesses durch erweiterte Datenanalysen. Wir verstehen die möglichen Vorteile, fundiertere Investitionsentscheidungen zu treffen und höhere Renditen zu erzielen. Wir prüfen derzeit die Umsetzung Ihres Anliegens und würden gerne einen Gesprächstermin vereinbaren. Bitte teilen Sie uns eine passende Zeit mit, unter <tel_num>, um Sie zu kontaktieren. Wir werden Sie über etwaige Entwicklungen in dieser Angelegenheit auf dem Laufenden halten. Vielen Dank für das wertvolle Feedback, geschätzter Kunde <acc_num>.",Change,Returns and Exchanges,low,de,52,Process Improvement,Performance,Data Analysis,Decision Making,Investment,Customer Value,Optimization,
Reduction in Marterbindings Despite Deployed Digital Strategies,"The marketing agency is facing a reduction in Marterbindings, even though various digital strategies have been implemented. The decrease in effectiveness is attributed to outdated content and ineffective target audience strategies. Campaign performance analyses have been conducted, attempting to update the content, but with limited success. To improve engagement, we need to review the content strategy and target audience strategy to better align with our target audience.","I understand the concerns regarding the reduction in Marterbindings despite the use of digital strategies. To better assist, could you please provide more details about the current content and target audience strategies? Additionally, it would be helpful to know the results of the performance analyses conducted on the campaigns to update the content. This information will allow me to offer more specific advice on how to improve the strategy and enhance engagement with the target audience. Would a call be convenient to discuss these points further?",Problem,Human Resources,medium,de,400,Feedback,Performance,Product,Feature,,,,
Issue with Loading Project Dashboards,Users have occasionally experienced slow page load times.,"Dear <name>, we apologize for the inconvenience caused by the occasional slow loading of the Project Dashboard. We are investigating the documented issue. To assist you better, could you please provide additional details such as the frequency and timing of the slow load incidents? We are available and happy to schedule a call at your convenience to discuss the matter. Please let us know a suitable time, and you can reach us at <tel_num> regarding account <acc_num>.",Incident,Product Support,medium,de,52,Performance,Outage,Disruption,Recovery,,,,
Reported Service Outage,"There was a service outage that impacted several applications, such as CCleaner and Symantec Endpoint Protection. It might have been caused by server overload or scheduled maintenance. After attempting a system reboot and basic troubleshooting, the issue still persists. Our team is currently investigating the cause and working on a solution to restore services as soon as possible. We apologize for any inconvenience this may have caused and appreciate your patience. For any questions or concerns, please do not hesitate to contact us.","Dear [name], thank you for reporting the service outage. We have reviewed the issue and recommend contacting [tel_num] to discuss further. Please provide any additional information you may have regarding the issue.",Incident,Service Outages and Maintenance,low,en,400,Outage,Disruption,Maintenance,Recovery,Performance,Feedback,,
Request for Guidance on Securing Medical Data with Signal Docker,Need advice on securing medical data using the Signal Docker solution. Interested in best practices for implementation in a hospital environment to ensure confidentiality and integrity of patient data.,"To secure medical data with Signal Docker, it is recommended to implement end-to-end encryption and access controls. Containerize applications with Signal's secure communication Docker to ensure data isolation. Keep Docker containers updated and patched to prevent vulnerabilities. Additionally, implement role-based access controls and monitor system logs for suspicious activity. For specific guidance, would like to discuss the hospital's environment in detail, and am available for a call.",Request,Sales and Pre-Sales,low,en,400,Security,IT,Tech Support,Documentation,,,,
Issue with Performance of Analytics Platform,The analytics system used by our financial firm has experienced a significant slowdown during peak data processing times. This issue started following a recent software update. Attempts to resolve the problem by restarting the system have not improved performance. The sluggish processing hampers our ability to analyze data promptly. We urgently require assistance to resolve this issue and minimize operational disruptions. Please inform us of the next steps to address the problem.,"Dear Customer, we apologize for the performance issues affecting the analytics platform. To assist you further, we need more detailed information about the recent software update and your system configuration. Kindly provide the update version and any error messages encountered. We are happy to schedule a phone call at your preferred time to discuss the issue and determine the next steps. Please let us know a convenient time to contact you so we can work towards a solution.",Incident,IT Support,medium,de,52,Performance,Bug,Software Update,Analytics,System Slowdown,,,
,"Bericht über IT-Probleme: Unsere Marketingagentur erlebt Beeinträchtigungen bei digitalen Strategien über mehrere Plattformen und Geräte hinweg. Es treten Störungen auf, vermutlich infolge von Integrationskonflikten. Erste Fehlerbehebungen durch Neustarts haben das Problem vorübergehend gelöst. Wir freuen uns auf Ihre Unterstützung bei der Ursachenanalyse und der Implementierung einer dauerhaften Lösung, um zukünftige Störungen zu minimieren.","Gerne helfe ich bei IT-Problemen. Könnten Sie bitte weitere Details zu den Störungen sowie die betroffenen Plattformen und Geräte bereitstellen? Wir können einen Anruf vereinbaren, um die Situation gemeinsam zu besprechen, die Ursachen zu ermitteln und eine Lösung umzusetzen.",Problem,IT Support,high,de,52,Disruption,Outage,Support,Investigation,Resolution,,,
Support for Upgrading Employee Training Programs,Request for enhancing employee training programs through the use of analytics tools. Aim to improve investment optimization skills within the organization. The goal is to equip employees with data-driven decision-making abilities to lead to better investment choices and increased returns. We believe this will have a positive impact on the company's performance and growth.,"Please review your request for enhancing employee training programs. To discuss implementation and get support with analytics tools for developing investment optimization skills, please contact us at <tel_num>.",Change,Human Resources,medium,en,400,HR,Employee,Training,Feedback,,,,
Request for Support on API Integration,Is it possible to get details on the API's capabilities for integrating with project management tools? I am interested in learning about the existing compatibility and integrations.,I will review the API capabilities and provide information on the existing compatibilities and integrations shortly.,Request,Technical Support,low,en,400,Feature,IT,Tech Support,,,,,
Sicherheitsproblem erkannt,"Ein Sicherheitsverstoß hat sensible medizinische Daten im IT-System des Krankenhauses kompromittiert. Die mögliche Ursache liegt in einem Phishing-Angriff durch schwache Passwörter. Es wurde versucht, die Sicherheitsprotokolle zu aktualisieren und die betroffenen Konten zurückzusetzen. Die Verletzung wurde durch eine Kombination aus menschlichem Fehler und technischen Schwachstellen verursacht. Das Team arbeitet engagiert daran, das Problem zu beheben und zukünftige Vorfälle zu verhindern. Sofortige Maßnahmen wurden ergriffen, um die Patientendaten zu schützen und die Integrität unserer Systeme sicherzustellen. Zusätzliche Maßnahmen wurden umgesetzt, um die Sicherheit weiter zu verbessern.","Das Sicherheitsproblem wurde erkannt. Wir schätzen die Bemühungen, die Sicherheitsprotokolle zu aktualisieren und die betroffenen Konten zurückzusetzen. Bitte helfen Sie, indem Sie weitere Informationen zur Verletzung bereitstellen und die ergriffenen Maßnahmen mitteilen. Kontaktieren Sie uns unter <tel_num>, um Details zu besprechen oder zusätzliche Unterstützung anzufordern.",Incident,Returns and Exchanges,medium,de,52,Security,Outage,Disruption,Recovery,,,,
Guidelines for Securing Medical Data with Oracle Database 19c,Could you provide detailed practices for securing medical data using Oracle Database 19c? I am particularly interested in learning about the latest security features and how to implement them effectively. Could you also recommend steps for encrypting sensitive data and controlling access to it? Are there any specific configurations or settings that I should be aware of? I would appreciate your guidance and any resources you can provide on this topic.,"I will provide information on securing medical data with Oracle Database 19c, including encryption and access control practices. I recommend reviewing Oracle's official documentation and security guidelines for the latest features and configurations. I can offer to discuss specific implementation steps and settings, and we can schedule a call at your convenience.",Request,Human Resources,medium,en,400,Security,Documentation,IT,,,,,
Data Security Inquiry,"Customer Support, could you provide detailed information on the security measures and protocols your organization uses to protect sensitive patient data in medical records? It would be greatly appreciated if the information includes details on how confidentiality, integrity, and availability are ensured. Additionally, could you explain the training provided to staff members to handle data security procedures and respond to potential security breaches?","We appreciate your interest in the security measures for medical records at our hospital. We take the confidentiality, integrity, and availability of sensitive patient data very seriously. Our organization employs industry-standard protocols and technologies, including encryption, firewalls, and secure access controls, to protect medical records. Staff members receive comprehensive training on data security procedures to handle sensitive information. We have established procedures in place to respond to potential security breaches.",Request,Billing and Payments,medium,en,400,Security,Documentation,Employee,Training,,,,
Unterstützung für Marketingfirma erforderlich,"Die Marketingagentur für digitale Kampagnen verzeichnet einen Rückgang der Nutzerinteraktionen, möglicherweise bedingt durch kürzliche Änderungen im Algorithmus.","Bitte untersuchen Sie den Rückgang der Interaktionen bei den digitalen Kampagnen der Marketingagentur. Um das Problem besser zu verstehen, stellen Sie bitte weitere Details zu den spezifischen Algorithmusänderungen sowie die betroffenen Metriken bereit. Dies wird uns helfen, eine präzisere Lösung zu entwickeln und die nächsten Schritte zur Steigerung der Interaktionen festzulegen.",Incident,Customer Service,low,de,52,Marketing,Digital Marketing,Algorithm Change,User Interaction,Campaign Performance,,,
Issue with Monthly Invoices,"Dear Support Team, I am writing to report an inconsistency in the billing statement for the last month. This issue might have arisen due to the recent system update. Up to now, I have reviewed the transaction logs and confirmed the user account settings, but further assistance is required to resolve the case. This discrepancy is causing confusion for the user, and I would appreciate your help in investigating and clarifying the matter. Could you please check this and provide further instructions on how to proceed? I appreciate your prompt assistance. Looking forward to resolving this issue.","Dear [Name], I have taken note of the concern regarding the monthly invoice issue. Please provide me with additional details to assist in resolving this, such as the date and amount in question for the upcoming bill, as well as your account number <acc_num>. Once I have the necessary information, I will investigate and find a solution. If further details are needed, please call the number <tel_num>. Thank you, and I look forward to resolving this issue.",Incident,Billing and Payments,medium,de,400,Billing,Account,Performance,Recovery,IT,Tech Support,,
Support for Data Analysis Issues,"Encountering inconsistent results during data analysis. Despite confirming data integrity and updating the software system, the issues persist.",Please provide more details about the data analysis and the software system used to further assist in resolving the problem.,Problem,General Inquiry,high,de,400,Bug,Performance,IT,Tech Support,,,,
Assistance with Data Analytics Integration,I am reaching out to inquire about best practices for integrating data analytics tools into investment optimization workflows. Could you provide comprehensive documentation and guidance on how to effectively utilize these tools to inform investment decisions and enhance portfolio performance? I would appreciate any resources or support available to help me get started.,"<name>, thank you for your email regarding assistance with data analytics. We can provide detailed documentation and guidance on integrating tools into investment optimization workflows. Please let us know a convenient time to call at <tel_num> to discuss further. We also offer online resources and support to help you begin using these tools to inform your investment decisions and improve portfolio performance. Your account number is <acc_num>.",Request,Product Support,high,en,52,Feature,Documentation,Support,Performance,,,,
Support for Technology,"The software is failing to integrate with Kaspersky Internet Security 2021, causing system failures with project management tools due to conflicting security settings.","Dear <name>, thank you for bringing to our attention the issue with integrating the software with Kaspersky Internet Security 2021. We regret the inconvenience you have experienced. To better assist you, could you please provide more details about the conflicting security settings, so we can address them? We look forward to finding a solution. If necessary, we can arrange a call to discuss the problem and let you know the best time to reach you at <tel_num>. Thank you.",Problem,Technical Support,low,de,400,Bug,Security,IT,Tech Support,,,,
Probleme bei Anwendungsabstürzen,"Es werden gelegentliche Abstürze von Sage Accounting, Duolingo und Datenberichterstellung beobachtet.","Sehr geehrte/r [Name], es tut uns leid, dass Sie gelegentliche Abstürze bei Sage Accounting, Duolingo und Datenberichterstellung erleben. Bitte geben Sie uns mehr Informationen zu den Abstürzen, wie etwa eventuell received Fehlermeldungen oder die Häufigkeit der Abstürze. Dies wird uns helfen, das Problem besser zu verstehen und eine Lösung anzubieten. Wir möchten gerne darüber sprechen und haben gerne einen geeigneten Zeitpunkt für einen Anruf. Bitte lassen Sie uns wissen, wann Ihnen ein Anruf gut passt.",Incident,IT Support,medium,de,400,Bug,Crash,Performance,IT,Tech Support,,,
Crash Log,Repeated crashes lead to sluggish performance on the platform.,"<name>, we apologize for the inconvenience caused by the frequent crashes and slow response times on the platform. To assist you further, could you please provide details about the issue, any error messages encountered, steps taken when the crash occurs? We would also like to arrange a call to discuss the issue in more detail. Please let us know if <tel_num> is a convenient time for you.",Problem,IT Support,high,en,52,Crash,Performance,Platform,,,,,
Ausfälle des digitalen Marketing-Tools-Software mit Canvas und DaVinci Resolve,"Das digitale Marketing-Tool-Software, einschließlich Canvas und DaVinci Resolve, konfrontiert mit Ausfällen.","Sehr geehrte [Name], es tut mir leid, dass Sie Probleme mit unserem digitalen Marketing-Tool-Software erlebt haben, insbesondere mit Canvas und DaVinci Resolve. Bitte geben Sie uns mehr Details zur Fehlermeldung und relevanten Informationen, damit wir Ihnen besser helfen können. Danke!",Incident,Service Outages and Maintenance,high,de,400,Outage,Disruption,Software,Performance,IT,Tech Support,,
Verbesserung von Datenauswertungswerkzeuge und Anlageoptimierung,"Die aktuelle Funktionalität der Datenauswertungswerkzeuge und die Anlageoptimierung sollen verbessert werden. Ich würde gerne mehr Details dazu erhalten. Mögliche Optionen sind eine Telefonkonferenz oder eine Diskussion, sobald Sie die Themen zeitlich bereit haben.","Ich werde die Datenauswertungswerkzeuge gründlich überprüfen und die Anlageoptimierung verbessern. Bitte teilen Sie mir mehr Details zur Anforderung mit, damit wir einen konkreten Plan erstellen können. Eine Telefonkonferenz oder eine Diskussion wären gut geeignet, sobald Sie die Themen zeitlich bereit haben.",Change,General Inquiry,medium,de,400,Feature,Feedback,IT,Tech Support,,,,
Details on the Latest Features of Project Management SaaS,Can you provide detailed information on the latest updates and new features in project management SaaS? I am keen to learn about the new tools and functionalities that have been added recently.,"Thank you for your interest in project management SaaS updates. Recently, we have added features that enhance reporting and collaboration tools. For detailed information, I would be happy to schedule a call at your convenience to discuss the updates and address any questions you may have. Please let me know a suitable time to reach you at <tel_num>.",Request,Service Outages and Maintenance,high,en,400,Feature,Documentation,Feedback,,,,,
Support Required for Malwarebytes Integration,"Dear Customer Support, I am reaching out to request comprehensive guidance on integrating Malwarebytes 4.4 with H2O.ai marketing strategies. I am interested in utilizing these tools to enhance cybersecurity and AI-driven insights. Could you please provide detailed, step-by-step instructions for configuring the tools? Additionally, I would appreciate any recommended practices to optimize their performance. Resources or guidance to help us get started would be highly valued. Thank you for your time and assistance. Sincerely, [Your Name]","We would be happy to assist with integrating Malwarebytes with H2O.ai. Please provide details of your current setup and infrastructure. We can then offer step-by-step instructions and recommendations for optimizing performance. If you'd like, we are available for a call at <tel_num> to discuss further.",Request,IT Support,high,en,52,Security,IT,Tech Support,Feedback,,,,
System Performance Issue Due to Network Congestion,"Our organization has encountered system performance degradations impacting several products, attributed to network congestion caused by intensive data analytics operations. Initial troubleshooting steps, including system restarts and software updates on affected devices, were attempted; however, the performance issues continue, hindering the efficiency of investment data processing. We seek assistance in resolving this problem to guarantee prompt and accurate data handling.","To help address the system slowdowns affecting multiple products caused by network overload, we need a clearer understanding of the issue. Could you please provide details about your network infrastructure and specify which data analytics tasks are leading to the congestion? Additionally, sharing any specific error messages or symptoms observed would be beneficial. We recommend scheduling a call at your convenience to discuss the situation further and work towards a solution that ensures timely and precise investment data processing. Please let us know your availability.",Incident,Technical Support,high,en,52,Performance,Network,Disruption,Outage,Recovery,,,
Sicherheitsprobleme bei der API,"Es gibt unerlaubte Zugriffsversuche auf medizinische Daten-Systeme und missverstandene APIs von Zapier und Xero. Sicherheitsaudits wurden durchgeführt, um die Firewall-Einstellungen zu verbessern, aber Risiken bleiben bestanden. Wir benötigen Unterstützung, um zukünftige Verletzungen vorzubeugen.","Aufgrund eines Sicherheitsproblems mit der API möchte ich einen Anruf vereinbaren, um die missverstandenen APIs von Zapier und Xero zu besprechen und Hilfe bei der Sicherstellung zu erhalten. Bitte geben Sie ein geeignetes Zeitfenster an. Zudem bestätigen Sie bitte Ihre Kontonummer und überprüfen Sie die Fallstudie, um eine passende Lösung für zukünftige Verletzungen zu finden. <acc_num> <tel_num>",Problem,General Inquiry,low,de,400,Security,IT,Tech Support,,,,,
Hilfe bei möglichen Datenlecks erforderlich,"Es wurde ein potenzieller Datenleck im IT-System des Krankenhauses identifiziert, was möglicherweise auf veraltete Sicherheitsprotokolle zurückzuführen ist. Die anfänglichen Ermittlungen deuten darauf hin, dass fehlende Verschlüsselungsmaßnahmen und mangelnde regelmäßige Sicherheitsupdates eine Rolle spielen könnten.","Sehr geehrte [Name], wir bedanken uns für Ihre Sorge hinsichtlich des potenziellen Datenlecks im IT-System des Krankenhauses. Wir nehmen diese Angelegenheit sehr ernst und sind bereit, um alles zu unternehmen, um die Situation zu beheben. Um wirksam zu unterstützen, bitten wir Sie, uns mehr Informationen über die anfänglichen Ermittlungen und die aktuellen Sicherheitsmaßnahmen zu geben. Falls nötig, können wir eine Verabredung für einen Anruf auf [Telefonnummer] treffen und einen geeigneten Zeitfenster für die Fortsetzung vereinbaren. Wir werden die notwendigen Schritte ergreifen, um das potenzielle Leck zu behandeln und die Sicherheit zu gewährleisten.",Incident,Human Resources,medium,de,400,Security,Performance,IT,Tech Support,,,,
Issues with Data Security in Healthcare,Healthcare providers are facing difficulties in ensuring the security of medical data due to outdated software. Efforts to update security protocols and address software access issues have been made. The service provider needs assistance to solve the problem and ensure the integrity of patient data.,I am happy to assist with issues related to data security in healthcare. Please share more details about the current software and protocols. We can schedule a meeting to build trust as soon as it is convenient.,Problem,Billing and Payments,low,de,400,Security,IT,Tech Support,Performance,,,,
Improve Digital Marketing Efforts,"Request to enhance digital marketing strategies to boost brand growth across various platforms and products, with the goal of increasing our online presence and reaching a broader audience. Please provide assistance in developing a plan for implementation. It would be helpful if you could specify the particular platforms and products you would like us to focus on.","Acknowledged your request to improve digital marketing strategies. We will review the current strategies and develop a plan for implementation. To better tailor the plan to your needs, could you please provide more specific information about the platforms and products you would like to focus on? We can schedule a call to discuss the plan in more detail.",Change,Customer Service,high,en,400,Feedback,Sales,IT,Tech Support,,,,
Support Request: Intermittent Outages on SaaS Project Management Platform,"Dear Customer Support,\n\nWe are experiencing sporadic outages with our SaaS project management platform, which we believe are caused by server overloads. Our team has attempted to resolve the issue by restarting servers and optimizing resource allocation. Despite these efforts, the problem continues, and we are worried it may hinder users from accessing the platform to complete their work. Could you please help us troubleshoot this issue and identify a permanent solution?\n\nThank you.","Hello <name> Service Desk Team,\n\nWe received your email regarding the intermittent outages affecting the SaaS project management platform. We would like to assist with troubleshooting and suggest scheduling a call to discuss the details. Please let us know a convenient time for a call. You can reach us at <tel_num>. We look forward to working together to resolve this issue and restore smooth platform operation.",Incident,Human Resources,medium,en,52,Outage,Disruption,Performance,Server,Resource Allocation,Support,SaaS,
Unauthorised Access to Medical Data,"Dear Customer Service, our healthcare/provider recently experienced unauthorized attempts to access medical data through the hospital IT system. These issues are attributed to outdated security protocols and software vulnerabilities. Steps have been taken to update security measures and conduct person-based data protection training. However, we are concerned about potential consequences and seek further advice to enhance the security of our systems. Could you please provide suggestions on what can be done to prevent such incidents in the future? We look forward to a quick discussion to address this issue.","Dear <name>, we take the protection of medical data seriously and are concerned about the unauthorized access attempts to the hospital IT system. We appreciate the steps you have taken so far to update security measures and conduct person-based data protection training. To further assist, we propose scheduling a call to discuss additional measures that can be implemented to prevent such incidents in the future. Would a call in the near future be convenient for you to discuss further recommendations for enhancing security measures? Please provide a suitable time slot for the call.",Problem,Sales and Pre-Sales,low,de,400,Security,Bug,Performance,IT,Tech Support,,,
Problem with Unstable Results in Investment Optimization Tool,"Hello Customer Support, I have been encountering unstable results while using the investment optimization analytics tool. It seems the issue might be due to recent modifications in the data sources. After attempting to refresh the data sources and recalibrate the analytics model, the problem still persists. I have also verified that my system is up to date and meets all the necessary requirements. However, the unstable results are still affecting my ability to make informed investment decisions. I would appreciate your assistance in resolving this issue.","Dear [Name], we acknowledge the issue you are experiencing with unstable results in the investment optimization analytics tool. We understand that the issue persists even after refreshing the data sources and recalibrating the analytics model. To better assist you, we would like to request more details about the recent changes made to the data sources that are causing the specific unstable results you are experiencing. Additionally, please provide any error messages you may be receiving. We will review this information and get back to you shortly. Thank you.",Incident,General Inquiry,low,en,400,Bug,Performance,IT,Tech Support,Documentation,,,
Assistance with Technical Issues,There is an issue with data inconsistency while optimizing investments. This problem might be due to software compatibility issues. The use of analysis tools is involved.,We will investigate the current data inconsistency issue using the analysis tools. It is possible that the software compatibility problems are the cause. Please discuss potential solutions for the next steps by contacting us at <tel_num>.,Incident,Product Support,low,de,400,Bug,Performance,IT,Tech Support,,,,
Seek Help with Billing Mismatches and Errors,Noticing issues with the billing for my subscription services,Please review your account <acc_num> and contact <tel_num> to address these discrepancies.,Problem,Billing and Payments,high,en,400,Billing,Payment,Account,Refund,Tech Support,,,
Request for IBM Cloud Integration Support,"Hello Support Team, I am seeking assistance in integrating IBM Cloud to optimize my investment analyses. Could you provide detailed steps on how to integrate IBM Cloud for this purpose? I would also appreciate knowing any specific requirements or prerequisites involved in the setup. Additionally, could you share information about the benefits of using IBM Cloud for investment analysis, such as enhanced data processing and improved decision-making capabilities? I look forward to your response on this matter.","We will provide comprehensive information on integrating IBM Cloud for investment analysis, including the setup steps, benefits, and will send relevant documentation and resources for guidance.",Request,Customer Service,high,en,400,IT,Tech Support,Feature,Documentation,,,,
Problem mit der Sicherheit des Krankenhausauftragsystems,"Sehr geehrte Kundenservice,<br>Wir haben festgestellt, dass das IT-System des Krankenhauses Datenblockaden aufweist. Dies könnte möglicherweise auf unzureichende Cyber-Sicherheitsmaßnahmen zurückzuführen sein. Wir haben bereits Maßnahmen ergriffen, wie die Aktualisierung der Firewalls und das Ändern der Passwörter. Allerdings bestehen trotz dieser Maßnahmen weiterhin Schwachstellen. <br>Wir bitten freundlicherweise um Unterstützung bei der Behebung dieser Angelegenheit. Da sensiblen Informationen unserer Patienten in Gefahr schweben, ist eine umgehende Behebung dringend erforderlich. <br>Bitte teilen Sie uns mit, welche Schritte zu unternehmen sind, um das System zu beheben.","Um die Sicherheit des Krankenhausauftrags zu garantieren, werden wir uns um diese Angelegenheit kümmern. Bitte geben Sie zusätzliche Details zu den aktuellen Schwachstellen. Sie können uns telefonisch kontaktieren unter <tel_num>, um mit der Lösung der Probleme fortzufahren.",Incident,Technical Support,medium,de,400,Security,IT,Tech Support,Performance,,,,
,"gehrte Kundensupport, ich habe Schwierigkeiten mit der Aufgaben-Synchronisation in meinem Projektmanagement-SaaS-System, das mit Outlook verbunden ist. Die neuesten API-Aktualisierungen könnten möglicherweise der Grund sein. Ich habe versucht, die Verbindung neu herzustellen und das Cache zu leeren, aber das Problem behält sich bestanden. Bitte helfen Sie mir, das Problem zu beheben.","gehrter Kunde, ich bin <name> und kann Ihnen bei Ihren Problemen mit der Aufgaben-Synchronisation in Ihrem Projektmanagement-SaaS-System, das mit Outlook verbunden ist, helfen. Entschuldigung für die Unannehmlichkeiten. Bitte probieren Sie die folgenden Schritte aus: Neustart der Verbindung, Cache leeren. Wenn Sie Hilfe benötigen, um das Problem weiter zu untersuchen, geben Sie bitte mehr Informationen, insbesondere zu den neuesten API-Aktualisierungen, die Sie erwähnt haben, einschließlich Fehlern, die Sie bemerkt haben. Wenn Sie lieber telefonisch Kontakt aufnehmen möchten, können Sie sich gerne an der von Ihnen angegebenen Zeit bei <tel_num> wenden. Alternativ können Sie sich mit Ihrem Konto <acc_num> in Verbindung setzen. Ich werde mein Bestes tun, um das Problem zu lösen.",Incident,Human Resources,low,de,400,Bug,Performance,IT,Tech Support,,,,
Issue with Digital Services Invoicing,"Our company was incorrectly charged twice for digital services, leading to financial flow issues due to system errors.","Dear [Name],\n\nI would like to inform you about the invoicing problem related to digital services. We apologize for the system error that led to a double charge on account number <acc_num>. We will investigate and take corrective measures to reverse the incorrect charge. Please allow us some time to verify and inform you of the resolution soon. If you wish to discuss this, please provide your available time window for a call at <tel_num>.",Problem,Billing and Payments,high,de,400,Billing,Payment,Bug,Performance,IT,,,
Report of Healthcare Provider Data Leak,"Customer Support, <br><br>We are notifying you about a potential data exposure incident involving the hospital's systems. The issue appears to be linked to misconfigured network settings, which might have permitted unauthorized access to confidential information. <br><br>Our preliminary audit, including adjustments to firewall configurations, has fully addressed the problem. However, we seek your assistance to verify and enhance our security measures. We would appreciate your guidance and support to help us resolve this matter promptly.",Please review the incident report and contact <tel_num> to discuss assistance and the steps for resolution with <acc_num>.,Incident,Human Resources,medium,en,52,Security,Network,Outage,Disruption,Investigation,,,
,"Sehr geehrter Kundenservice, ich möchte einen dringenden System-Update beantragen, um die Investitionsdatenanalyse zu verbessern. Das derzeitige System ist von anhaltenden Software- und Hardwareausfällen betroffen, was zu erheblichen Ausfallzeiten und Produktivitätsverlusten führt. Ein Update ist notwendig, um die Probleme zu beheben und einen reibungslosen Betrieb sicherzustellen. Ich würde es begrüßen, wenn Sie uns einen Zeitplan für das Update mitteilen könnten und ob weitere Informationen von unserer Seite benötigt werden. Bitte informieren Sie uns, welche weiteren Schritte erforderlich sind. Ich freue mich auf eine zeitnahe Rückmeldung. Vielen Dank für die schnelle Bearbeitung unseres Anliegens.","<name>, wir haben Ihre Anfrage bezüglich des Systemupdates zur Optimierung der Investitionsdatenanalyse erhalten. Um den Vorgang fortzusetzen, benötigen wir zusätzliche Informationen zu den aktuellen Systemausfällen. Bitte stellen Sie uns Details zu den aufgetretenen Fehlern sowie frühere Troubleshooting-Maßnahmen zur Verfügung. Anschließend können wir einen Zeitplan für das Update erstellen und weitere Schritte besprechen, eventuell auch in einem telefonischen Gespräch, falls dies für Sie bequem ist.",Change,Service Outages and Maintenance,high,de,52,Crash,Hardware,Disruption,Outage,Performance,,,
Question about Corporate Solutions,"Support Team, requesting comprehensive details on enterprise hardware packages and software licensing choices. Furthermore, interested in scheduling a pre-sales discussion customized for financial institutions that emphasize data-centric investment tactics and stringent security measures. Kindly advise on the next steps.","We appreciate your inquiry about enterprise hardware packages and software licensing options. We will provide the necessary details and set up a customized pre-sales consultation. Could you please share your company name, current infrastructure specifics, and preferred times for a call? This information will help us connect you with a specialist experienced in financial industry solutions.",Request,Sales and Pre-Sales,medium,en,51,Product,Software,Feature,Feedback,,,,
Support Required for Medical Data Security,"Facing unauthorized access attempts on medical data systems. This might be due to insufficient security protocols. Despite implementing firewalls and updating passwords, access attempts continue. The team has tried various measures, but the issue still persists. We kindly request your assistance to resolve this matter and enhance the system's security to prevent potential breaches. Please provide guidance on the necessary steps to take.","I will assist in enhancing the security of your medical data system to prevent unauthorized access attempts. To better understand the issue, I would like to discuss it with you. Please let me know a suitable time to call at <tel_num> so we can proceed with the necessary steps to secure the system and protect the data.",Problem,IT Support,high,en,400,Security,IT,Tech Support,Alert,,,,
Immediate Help Needed for KVM Switch Connectivity Issue,"Dear Support Team,\n\nI am reaching out to seek urgent help regarding a problem with my KVM switch. Recently, I have been experiencing ongoing connection problems that significantly disrupt my workflow. The KVM switch fails to detect several connected peripherals, leading to interruptions and making it difficult to switch between systems smoothly.\n\nThe issue started several days ago, with the keyboard and mouse connected to the KVM switch becoming sporadically unresponsive. Moreover, the monitor consistently exhibits the same problem.","Thank you for reporting the connectivity problem with your KVM switch. To assist you more effectively, please provide the model number and, if possible, the serial number of your KVM device. Additionally, inform us if any error messages appear when devices disconnect. Meanwhile, verify whether the issue persists when using USB hubs or adapters with the KVM switch, and test if the problem is specific to certain connected devices. If you have already done so, try connecting your devices directly without the KVM switch to see if the issue remains.",Problem,Technical Support,medium,en,51,Hardware,Network,Disruption,Tech Support,,,,
Anfrage nach Umsetzungsdetails für PyTorch,"Könnten Sie weitere Details zur Integration von PyTorch in unsere Projektmanagement-Cloud bereitstellen? Diese Informationen helfen mir, den Benutzungsprozess besser zu verstehen. Ich freue mich, wenn Sie Ressourcen und Anleitungen zur Verfügung stellen könnten. Vielen Dank für Ihre Unterstützung. Ich freue mich darauf, bald von Ihnen zu hören.","Wir bereitstellen Ressourcen und Anleitungen für die PyTorch-Integration, um die Nutzung unserer Projektmanagement-Cloud-Dienste effektiver zu machen. Bitte rufen Sie uns später an, um die Details zu besprechen und mögliche Fragen zu den Integrationsprozessen zu erörtern. ",Request,Human Resources,medium,de,400,Documentation,Feature,IT,Tech Support,,,,
Optimierung der Sicherheitsmaßnahmen für medizinische Daten Schutz,"Sehr geehrte Kundensupport, ich bitte Sie um Verbesserungen der Sicherheitsprotokolle, um den Schutz medizinischer Daten in unserem Hospital IT-System zu gewährleisten. Es ist entscheidend, dass vertrauliche Patientendaten vor unbefugtem Zugriff geschützt werden. Ich schätze, Sie würden die notwendigen Maßnahmen ergreifen, um die Sicherheit unserer medizinischen Daten in den IT-Systemen zu gewährleisten. Vielen Dank für Ihre Aufmerksamkeit zu diesem wichtigen Thema.","Sehr geehrte <name>, wir nehmen die Sicherheit medizinischer Daten in unseren Hospital IT-Systemen sehr ernst. Wir werden die aktuellen Protokolle überprüfen und notwendige Verbesserungen umsetzen, um mögliche Einbrüche zu verhindern und vertrauliche Patientendaten vor unbefugtem Zugriff zu schützen. Bitte rufen Sie uns unter <tel_num> an, um weitere Details und die nächsten Schritte zu besprechen.",Change,General Inquiry,low,de,400,Security,Performance,IT,Tech Support,,,,
Problem with SaaS Platform Billing,"Facing billing irregularities on the SaaS platform. The issue might be due to recent software updates or configuration changes. After checking account settings and transaction logs, discrepancies were noted. We would appreciate your prompt assistance in resolving this matter.","<name> has sent an acknowledgment email regarding the billing discrepancies on the SaaS platform, ensuring immediate action will be taken to resolve the issue. To better understand the problem, could you please provide details on the discrepancies you are experiencing, the date they started, and any error messages received? Additionally, knowing the specific software updates or configuration changes made recently would be helpful. A call can be scheduled to discuss and work towards a resolution. <name> is available.",Incident,Billing and Payments,medium,en,400,Billing,Payment,Account,Bug,Performance,IT,Tech Support,
"Begegnen Rechnungsabrechnungsfehler bei Software-Lizenzen, mehrere Produkte betroffen","Betreff Rechnungsabrechnungsfehler bei Software-Lizenzen, mehrere Produkte betroffen. Fehler vermutlich auf veraltete Zahlungsmethode zurückzuführen. Zahlungsdetails überprüft, neue Zahlungen überwiesen, Problem bestandhaft. Schätzen, möglichst bald Problem behandelt zu werden.","Sehr geehrte/r [Name],\n\nich bestätige, E-Mail-Bericht über Rechnungsabrechnungsfehler bei Software-Lizenzen, mehrere Produkte betroffen, erhalten zu haben. Ich versichere, sofort Maßnahmen zu ergreifen, um das Problem zu lösen.\n\nUm die Situation besser zu verstehen, könnten Sie bitte mehr Details zum Abrechnungsfehler geben, z.B. den spezifischen Betrag, der für bestimmte Produkte in Frage steht. Bitte bestätigen Sie außerdem, ob überwiesene Zahlungen erfolgreich umgesetzt wurden.\n\nIch freue mich, einen Anruf zu vereinbaren, um das Problem besprechen und mögliche Lösungen zu erörtern. Danke für Ihr Verständnis.",Problem,Billing and Payments,medium,de,400,Billing,Payment,Refund,Product,Feature,,,
Security of Medical Data in MongoDB 4.4,"In a hospital setting utilizing MongoDB 4.4, we require advice on securing medical data. Please include information on data encryption, access control, and auditing practices to ensure the confidentiality, integrity, and availability of patient data.",We will provide guidance on MongoDB security practices for a hospital environment shortly.,Request,Product Support,medium,en,400,Security,Performance,Documentation,,,,,
Anfrage zur Unterstützung von Routern,"Wir haben Schwierigkeiten mit der Verbindungsstabilität unserer Google Nest Wifi Router und D-Link DIR-895L. Der Datenzugriff ist beeinträchtigt und das Netzwerk überlastet. Wir haben bereits beide Router neu gestartet und die Einstellungen überprüft, aber das Problem behält sich trotzdem bestehen.","Sehr geehrte(n) [Name], wir entschuldigen uns für die Verbindungsprobleme, die momentan unsere Google Nest Wifi Router und D-Link DIR-895L betreffen. Wir verstehen, dass Sie bereits beide Router neu gestartet und die Einstellungen überprüft haben, und das Problem trotzdem bestehen bleibt. Um das Problem zu diagnostizieren, möchten wir mehr über die Netzwerkalast erfahren. Könnten Sie bitte mehr Fehlermeldungen und Details berichten? Zudem wäre es hilfreich, zu erfahren, wie viele Geräte sich zurzeit im Netzwerk verbinden und welche aktuelle Firmware-Version auf beiden Routern installiert ist.",Problem,Product Support,medium,de,400,Network,Performance,IT,Tech Support,,,,
Datensicherheit im Gesundheitswesen,"Sehr geehrter Kundenservice, ich möchte mich nach Sicherheitslösungen für Gesundheitsdaten im IT-Support für Krankenhäuser und Unternehmen erkundigen. Könnten Sie bitte zusätzliche Informationen zu den angebotenen Dienstleistungen bereitstellen, insbesondere Datenverschlüsselung, Firewalls und Intrusion Detection? Ich schätze auch Details zu Ihrer Erfahrung in der Zusammenarbeit mit Krankenhäusern und Gesundheitsorganisationen sowie etwaige relevante Zertifizierungen und die Einhaltung Industriestandards. Außerdem würde ich gern mehr über Ihre Preismodelle und mögliche maßgeschneiderte Lösungen erfahren. Ich freue mich auf Ihre Rückmeldung, um mehr über Ihre Dienstleistungen zu erfahren.","Sehr geehrter <Name>, vielen Dank, dass Sie uns bezüglich unserer Sicherheitslösungen für Gesundheitsdaten im IT-Support für Krankenhäuser kontaktiert haben. Wir bieten eine Reihe von Dienstleistungen an, darunter Datenverschlüsselung, Firewalls und Intrusion Detection. Unser Team verfügt über umfangreiche Erfahrung in der Zusammenarbeit mit Krankenhäusern und Gesundheitsorganisationen und erfüllt alle relevanten Industriestandards. Gerne sende ich Ihnen weitere Informationen zu unseren Preismodellen und maßgeschneiderten Lösungen. Wäre es möglich, einen passenden Zeitpunkt für ein Gespräch zu vereinbaren, um die Details zu besprechen? Bitte teilen Sie mir Ihre verfügbaren Termine mit.",Request,Product Support,medium,de,52,Security,Data Privacy,Healthcare,Firewall,Intrusion Detection,Encryption,Compliance,
,"Das Vertriebsteam berichtet über verzögerte Reaktionszeiten beim Zugriff auf Moodle, HubSpot CRM und bei Kundendemonstrationen. Mögliche Ursachen könnten Netzwerkverzögerungen oder Serverüberlastungen sein, die zu Verzögerungen führen. Es wird empfohlen, die betroffenen Anwendungen neu zu starten und die Netzwerkverbindungen zu überprüfen. Sobald das Problem behoben ist, sollte die Angelegenheit bestätigt werden. Das Team ist frustriert aufgrund der Auswirkungen auf die Arbeit. Wir begrüßen die Meldung und werden die Angelegenheit so bald wie möglich bearbeiten, um eine Lösung bereitzustellen.","Wir haben eine Meldung über langsame Reaktionszeiten bei Moodle, HubSpot CRM und Kundendemonstrationen erhalten. Die Angelegenheit wird geprüft; hierfür benötigen wir weitere Informationen zu den Netzwerkverbindungen, Serverauslastung und den Demonstrationen. Bitte teilen Sie uns die genauen Zeiten mit, zu denen das Problem aufgetreten ist, sowie die Anzahl der Nutzer und die Zeitpunkte, zu denen die Anwendungen aufgerufen wurden. Wir werden die Fehlerprotokolle überprüfen und die Problemlösung fortsetzen, um eine geeignete Lösung zu finden.",Incident,Sales and Pre-Sales,medium,de,52,Network,Performance,Disruption,Server,Application,IT,Tech Support,
Revise Data Analytics Models,"Customer support is focused on refining data analytics models to improve investment forecasts by incorporating additional data sources. This process involves retraining the models with the latest data and fine-tuning parameters to achieve superior accuracy. The objective is to deliver more precise predictions that offer dependable insights for investment choices. The new data sources have been integrated into the current system, and the models have been updated accordingly.","Please review the update request for the data analytics models, which now include new data sources to enhance investment predictions. Contact us for further discussion.",Change,General Inquiry,medium,en,52,Performance,Feature,Documentation,,,,,
Support Inquiry for Service Disruptions,We are reaching out to request assistance concerning recent service outages impacting several digital tools. These disruptions have notably affected the operational efficiency of our marketing agency. We would greatly appreciate it if you could look into this matter and provide a solution as soon as possible. Please let us know if there is any additional information you need to facilitate the process.,"Dear [Name], we are writing to acknowledge your email regarding recent service outages that have affected multiple digital tools used by your marketing agency. We apologize for the impact these outages have had on your operational efficiency and appreciate you bringing this matter to our attention. To better assist you, we could please have you provide more details about the outages, including the specific tools affected, the frequency and duration of the outages, and any error messages you may have received. This information will be helpful in investigating the issue and working towards a solution. If necessary, we may need to schedule a call to further discuss this matter.",Change,Service Outages and Maintenance,medium,en,400,Outage,Disruption,Performance,IT,Tech Support,,,
,Benötige Informationen zur Sicherung medizinischer Daten in Google Keep und Redis 6.2 im Krankenhaus-IT-Bereich. Können Sie Details zu einer sicheren Implementierung bereitstellen?,"Um medizinische Daten in Google Keep und Redis 6.2 im Krankenhaus-IT-System zu sichern, sollten Sie die Einhaltung der HIPAA-Richtlinien gewährleisten und eine End-to-End-Verschlüsselung implementieren. Richten Sie eine sichere Authentifizierung und Zugriffskontrollen ein, nutzen Sie die integrierten Sicherheitsfunktionen von Google Keep und Redis. Es ist auch ratsam, ein Virtual Private Network (VPN) zu verwenden, um eine zusätzliche Schutzschicht hinzuzufügen. Gerne können wir das im Detail besprechen. Ich kann Sie zu einem passenden Zeitpunkt anrufen, um weitere Informationen zu liefern und eventuelle Fragen zur Implementierung zu klären.",Request,Sales and Pre-Sales,low,de,52,Security,Backup,Healthcare,Implementation,Data Protection,,,
,require optimization of database queries for the project management platform to boost performance and scalability. aim to enhance user experience and support growth.,"grasping the need to optimize database queries for the project management platform to enhance performance and scalability. would be delighted to assist. Could you please provide details on the current database setup and the specific issues you are experiencing, to better understand your needs?",Change,Technical Support,high,en,400,Performance,Feature,Feedback,,,,,
,"Dear Customer Support, please direct your attention to the critical importance of implementing enhanced security protocols for medical data within our hospital's infrastructure. Given the increasing threat of cyber attacks, it is essential to take proactive measures to protect sensitive patient information. This includes the implementation of robust firewalls, data encryption, and regular security audits. Additionally, providing training to staff on data security practices can help prevent breaches. I believe that taking these steps will ensure the safety of our data.","Thank you for bringing this to our attention, and we take data security very seriously. We will review our current protocols and implement necessary measures to protect the medical data within our hospital's infrastructure. Please let us know a convenient time to discuss this further; we can call you at <tel_num>.",Change,Product Support,medium,en,52,Security,Cyber Attack,IT,Security Protocol,Infrastructure,Threat,,
Inquiry on Securing Medical Data in KNIME Hospital Environment,"I am seeking detailed information on the practices and protocols used to ensure the confidentiality, integrity, and availability of sensitive medical data within the KNIME hospital environment. Could you please provide comprehensive guidance on how to secure this data?","We can offer guidance on securing medical data in the KNIME hospital environment. To ensure confidentiality, integrity, and availability, we recommend implementing robust access controls, encrypting sensitive data, and establishing regular backups. We would be happy to discuss these measures in more detail and are available to discuss your specific requirements at your convenience.",Request,Billing and Payments,high,en,400,Security,IT,Documentation,Performance,Feedback,,,
Unbefugte Zugriffsversuche auf Gesundheitssysteme,"Der Gesundheitsdienstleister hat unautorisierte Zugriffsversuche auf die IT-Systeme des Krankenhauses festgestellt, welche medizinische Daten enthalten. Es besteht der Verdacht auf schwache Endpunktsicherheit. Es wurden Antivirus-Scans durchgeführt, Software auf Arbeitsstationen und Servern aktualisiert, jedoch besteht das Problem weiterhin. Wir benötigen Unterstützung bei der Lösung dieses Problems, um die Sicherheit unserer medizinischen Daten zu gewährleisten.","Antwort auf Ihre E-Mail bezüglich unbefugter Zugriffsversuche auf das Gesundheitssystem. Um besser helfen zu können, möchten wir mehr Informationen über die durchgeführten Antivirus-Scans und Software-Updates erhalten. Könnten Sie bitte die Häufigkeit der Scans und die durchgeführten Updates mitteilen? Außerdem würden wir gern einen passenden Zeitpunkt für einen Anruf vereinbaren, um zusätzliche Maßnahmen zur Verbesserung der Endpunktsicherheit und zum Schutz der medizinischen Daten zu besprechen. Bitte teilen Sie uns eine geeignete Zeit mit, unter <tel_num> sind wir für einen Anruf erreichbar, um die Angelegenheit zu erörtern.",Incident,Technical Support,medium,de,52,Security,Outage,Disruption,Recovery,,,,
Unrecognized Access Attempt on Hospital System,"There has been an unauthorized access attempt on our hospital system, which might have happened due to insufficient security configurations. We have increased monitoring and changed access credentials as initial steps. We need your assistance to review the security settings to ensure the system is secure. Please let us know a convenient time to discuss this further and review the current security configurations over a call. In the meantime, a security specialist will review the case and provide recommendations to secure the system and prevent future incidents.","Regarding your concern about the unauthorized access attempt on the hospital system, I would like to assist you better by scheduling a call to discuss the details of the incident and the current security configurations. Please let us know a convenient time to reach you at <tel_num>. Meanwhile, a security specialist will review the case and provide recommendations to ensure the system is secure and prevent future incidents. We look forward to working together to review the security settings and implement necessary measures.",Incident,Product Support,low,en,400,Security,Alert,IT,Tech Support,,,,
Enhancing Digital Strategies for Brand Growth,Requesting assistance in optimizing digital strategies to effectively utilize available resources for improved online presence and brand growth. Aim is to increase brand visibility. Please offer guidance on how to achieve this goal. Appreciate your support and look forward to your response.,"Would be happy to help in optimizing digital strategies for brand growth. Let's discuss by providing information on your current online presence and specific areas for improvement. Please contact me for a detailed discussion, as I am available for a call at your convenience.",Change,Product Support,medium,en,400,Feedback,Sales,Feature,Documentation,,,,
Details on Integrating Monday ActiveCampaign,"Received an email from <name> about integrating Monday ActiveCampaign and needing more details on digital strategies. To better assist, could you please provide information on your current setup and specific integration requirements? I would be happy to discuss this further. For your convenience, we can have a call at a time that suits you. Please let me know a suitable time, and I can call you at <tel_num>.","<name> received an email regarding integrating Monday ActiveCampaign and seeking details on digital strategies. To better assist, could you please provide information on your current setup and specific integration requirements? I would be happy to discuss this further. For your convenience, we can have a call at a time that suits you. Please let me know a suitable time, and I can call you at <tel_num>.",Request,IT Support,medium,en,400,Feedback,Feature,IT,Tech Support,,,,
Datenexposition melden,"Bitte informieren Sie über einen möglichen Vorfall der Datenexposition, der die IT-Systeme des Krankenhauses betrifft. Der Verdacht liegt nahe, dass veraltete Sicherheitspatches die Ursache sein könnten. Unsere erste Reaktion bestand darin, Systemscans durchzuführen und verfügbare Updates zu installieren, um weitere Schwachstellen zu verhindern. Wir benötigen jedoch zusätzliche Unterstützung, um die Sicherheit unserer Systeme zu gewährleisten und den Schutz sensibler Patientendaten sicherzustellen. Wir begrüßen eine Anleitung zu den besten Vorgehensweisen in dieser Situation, einschließlich weiterer Maßnahmen, die ergriffen werden können, um ähnliche Vorfälle in Zukunft zu vermeiden.","<name>, ich bestätige den Erhalt Ihrer E-Mail bezüglich eines möglichen Vorfalls der Datenexposition, der die IT-Systeme unseres Krankenhauses betrifft. Ich schätze die proaktiven Maßnahmen, die bisher ergriffen wurden, insbesondere die Durchführung von Systemscans und die Anwendung verfügbarer Updates. Gerne helfe ich weiter und schlage vor, einen Telefontermin zu vereinbaren, um den Vorfall im Detail zu besprechen und Ratschläge für die besten Vorgehensweisen zu geben, um die Sicherheit unserer Systeme zu gewährleisten und den Schutz sensibler Patientendaten sicherzustellen. Bitte teilen Sie mir eine passende Zeit mit, unter <tel_num> anzurufen. Es könnte sein, dass ich weitere Informationen benötige.",Incident,Product Support,low,de,52,Security,Outage,Disruption,Recovery,,,,
Healthcare Provider Encounters Intermittent Delays in Accessing Medical Records,"The healthcare provider has faced sporadic delays when accessing medical records, likely due to a recent infrastructure upgrade. The team examined server logs and attempted to restart the service; however, the problem remains unresolved. This situation raises concerns about the potential impact on patient care, and prompt assistance is needed to address the issue. Kindly advise on the recommended next steps.","We received your email regarding the access delays to medical records. To assist us in investigating, please provide details of any error messages encountered and the timing of the delays. You can contact <tel_num> to discuss the next steps or to schedule a call at your earliest convenience to resolve this matter quickly.",Incident,Product Support,medium,en,52,Performance,Outage,Disruption,Recovery,Infrastructure,,,
Ad Campaign,"Werbekampagne hat aufgrund von Fehlern bei den Zieleinstellungen Missallokation Inhalts nicht optimal funktioniert. Ich möchte gerne helfen, das Problem zu lösen. Bitte teilen Sie mehr über die Kampagne mit, einschließlich spezifischer Fehlern bei den Zieleinstellungen und Missallokation Inhalts, die Sie erlebt haben. Das hilft mir, ein genaues Lösungsangebot zu erstellen. Es könnte nötig sein, eine Telefonkonferenz zu vereinbaren, um das Problem zu besprechen, sobald eine geeignete Zeit verfügbar ist. Geben Sie bitte geeignete Zeit an, falls eine Telefonkonferenz gewünscht wird.","Leider höre ich, dass die Werbekampagne aufgrund von Fehlern bei den Zieleinstellungen Missallokation Inhalts nicht optimal ausgeführt wurde. Ich möchte Ihnen gerne helfen, das Problem zu lösen. Könnten Sie bitte mehr über die Kampagne mitteilen, einschließlich spezifischer Fehlern bei den Zieleinstellungen und der Missallokation Inhalts, die Sie erlebt haben? Das hilft mir, ein genaues Lösungsangebot zu erstellen. Es könnte nötig sein, eine Telefonkonferenz zu vereinbaren, um das Problem zu besprechen, sobald eine geeignete Zeit verfügbar ist. Geben Sie bitte geeignete Zeit an, falls eine Telefonkonferenz gewünscht wird.",Incident,Returns and Exchanges,medium,de,400,Feedback,Bug,Performance,Feature,,,,
Support-Anfrage für Microsoft Dynamics,"Sehr geehrter Kundenservice, ich bitte um detaillierte Integrationsrichtlinien für die Microsoft Dynamics 365 Plattformen im Bereich Finanzdatenanalyse. Können Sie bitte eine Schritt-für-Schritt-Anleitung für den Integrationsprozess bereitstellen? Ich möchte mehr über die Voraussetzungen, Systemanforderungen und etwaige spezifische Konfigurationen erfahren. Zudem wäre es hilfreich, Informationen zur Fehlerbehebung bei häufig auftretenden Problemen während des Integrationsprozesses zu erhalten. Ich schätze Ihre Unterstützung in dieser Angelegenheit und freue mich auf eine zeitnahe Rückmeldung. Vielen Dank für Ihre Unterstützung.","Sehr geehrter <name>, vielen Dank, dass Sie sich an unser Support-Team gewandt haben. Wir werden die detaillierten Integrationsrichtlinien für die Microsoft Dynamics 365 Plattformen im Bereich Finanzdatenanalyse bereitstellen. Um Ihnen bestmöglich zu helfen, bitten wir Sie, uns weitere Informationen zu Ihrer spezifischen Plattform für die Finanzdatenanalyse zukommen zu lassen. Sobald wir diese Daten haben, senden wir Ihnen eine Schritt-für-Schritt-Anleitung sowie Tipps zur Fehlerbehebung. Wenn Sie möchten, können wir einen passenden Zeitpunkt vereinbaren, an dem <tel_num> Sie anrufen, um die Details zu besprechen. Bitte teilen Sie uns mit, wann es Ihnen am besten passt.",Request,Service Outages and Maintenance,high,de,52,IT,Tech Support,Product,Documentation,Security,,,
Digital Marketing Challenge,"The marketing firm is struggling to execute digital strategies successfully, hindering brand development.",Please reach out to discuss the digital marketing challenges and explore ways to support effective brand expansion.,Problem,Technical Support,high,en,52,Feedback,Sales,Lead,,,,,
Klärungsbedarf,"Sehr geehrtes Support-Team,\n\nich wende mich an Sie, um Unterstützung bezüglich einer kürzlichen Interaktion zu erbitten. Mir wurde mitgeteilt, dass ein umsetzbares Problem gemeldet wurde und ein spezifischer Vorfall beschrieben wurde. Ich verstehe, dass es schwierig sein kann, alle Details klar darzustellen, und schätze jede Unterstützung bei der Lösung etwaiger Probleme. Dennoch möchte ich die Schwierigkeiten, auf die ich gestoßen bin, deutlich machen, in der Hoffnung, dass eine Behebung helfen wird.\n\nKönnten Sie bitte Anweisungen bereitstellen, wie ich das Problem am besten beschreiben kann, um eine effiziente Bearbeitung zu gewährleisten? Falls es Vorlagen gibt, würde ich diese gerne nutzen.","Vielen Dank für Ihre Bereitschaft, weitere Details bereitzustellen, damit wir gezielt helfen können. Um das Problem zügig zu lösen, bitten wir Sie, eine klare Beschreibung des Problems zu geben, inklusive des Zeitpunkts des Beginns, etwaiger Fehlermeldungen oder Codes, die Sie gesehen haben, sowie der Schritte, die Sie bereits unternommen haben, um das Problem zu beheben. Diese Informationen sind wichtig, um Ihre Nutzung unserer Dienste möglichst störungsfrei fortzusetzen. Bitte verwenden Sie die folgende Vorlage als Leitfaden: eine kurze Zusammenfassung des Problems, wann es begonnen hat, spezifische Details...",Problem,Customer Service,low,de,51,Support,Issue,Troubleshooting,Technical Support,,,,
Optimierung von Ubuntu-Produkten - Bitte sofortigen Umgang,"Ich fordere die Optimierung der bestehenden Ubuntu 20.04 LTS Produkte und fordere die Verbesserung der Leistung und Kompatibilität. Bitte stellen Sie sicher, dass es zu einer glatten Nutzererfahrung kommt und mögliche Probleme beseitigt werden.","Die Anfrage zur Optimierung der Produkte für Ubuntu 20.04 LTS wird bearbeitet, um die Leistung und Kompatibilität zu verbessern. Bitte legen Sie eine Liste der relevanten Produkte sowie zusätzliche Details vor, um die Bedürfnisse effizient zu erfüllen und den Fortgang der Bearbeitung fortzusetzen.",Change,General Inquiry,low,de,400,Performance,Product,Bug,Feedback,IT,,,
Problems with Synchronization Causing Issues,Problems during synchronization of project tasks are disrupting workflow. Forced reboots temporarily resolve issue.,We apologize for the synchronization errors that are disrupting your workflow. Please provide more details about the errors so we can further investigate the problem.,Problem,Product Support,high,de,400,Bug,Performance,IT,Tech Support,,,,
Strategien für Markenwachstum im Digitalen,"Können Sie spezifische Details zu digitalen Strategien für Markenwachstum anbieten? Ich möchte mehr über die angebotenen Dienstleistungen erfahren, insbesondere solche, die spezifisch auf die Förderung des Online-Geschäftsanteils von Unternehmen ausgelegt sind. Vielen Dank für Ihre Unterstützung. Ich freue mich auf Ihre baldige Antwort.","Wir können individuelle digitale Lösungen anbieten, einschließlich SEO, Social Media-Management und das Verbessern der Online-Präsenz, um das Markenwachstum zu fördern.",Request,Human Resources,medium,de,400,Feedback,Sales,Product,,,,,
Frage an den Kundendienst über Dienstleistungen,"Wären Sie bereit, unsere Marken im Bereich digitale Strategien, Adobe Creative Cloud und Grammarly zu beraten? Wir sind besonders daran interessiert, um unsere Inhaltscreier-Bearbeitungsprozesse zu verbessern.","Ich freue mich, Ihnen über digitale Strategien, Adobe Creative Cloud und Grammarly zu beraten. Wir können uns gerne telefonisch in einer spezifizierter Termin für weitere Informationen treffen.",Request,Customer Service,low,de,400,Feedback,Sales,IT,Tech Support,,,,
,"Sehr geehrter Kundendienst, ich möchte Ihre Aufmerksamkeit auf ein Problem lenken, das im Zusammenhang mit der Integration mehrerer digitaler Werkzeuge bei unserer Marketingagentur auftritt. Es scheint, dass inkompatible Updates Störungen in den Arbeitsabläufen verursachen. Daher benötige ich Unterstützung bei der Behebung dieses Problems. Erste Maßnahmen zur Fehlerbehebung umfassten das Neustarten der Geräte und die Überprüfung der Softwareversionen, doch diese Schritte haben nicht die gewünschten Ergebnisse gebracht. Ich vermute, dass das Problem komplexer ist und eine detailliertere Untersuchung erfordert. Könnten Sie bitte Anweisungen geben, wie die Fehlerbehebung vorzugehen ist, um eine Lösung zu finden?","Gerne helfe ich bei dem Integrationsproblem. Könnten Sie bitte weitere Details zu den verwendeten digitalen Werkzeugen und deren Softwareversionen mitteilen? Rufen Sie mich unter <tel_num> an, um die Angelegenheit zu besprechen.",Incident,General Inquiry,low,de,52,Bug,Disruption,Support,Maintenance,Error,Update,Integration,
Unstimmige Resultate bei Investment-Analysen,"Das Finanzunternehmen berichtet von uneinheitlichen Resultaten bei Investment-Analysen, möglicherweise bedingt durch kürzliche Schwierigkeiten bei der Datenintegration. Es wurde versucht, die Daten neu zu verarbeiten und die Modelle neu zu kalibrieren, was bisher erfolgreich war. Das Unternehmen benötigt Unterstützung bei der Ursachenanalyse und bei der Implementierung einer Lösung, um präzise Investment-Analysen zu gewährleisten.","Um bei den inkonsistenten Ergebnissen der Investment-Analysen zu helfen, ist es wichtig, das Problem besser zu verstehen. Bitte stellen Sie weitere Details zu den bisherigen Schritten bei der Datenintegration bereit. Wir können auch einen Anruf vereinbaren, um das Thema zu besprechen, wann es Ihnen am besten passt.",Incident,Product Support,medium,de,52,Analysis,Data Integration,Investment,Financial,Accuracy,Implementation,Troubleshooting,
Critical Service Disruption,"Dear Customer Support Team,\n\nI urgently seek immediate help due to ongoing service interruptions that are severely affecting vital healthcare infrastructure. These disruptions are impacting multiple essential systems, including medical device integration, telehealth platforms, and compliance monitoring tools. The outages are creating substantial difficulties in maintaining secure operations and delivering crucial patient care.\n\nThe dependent medical devices are essential for patient monitoring and treatment.","Thank you for reaching out to us and bringing the urgent service outage impacting healthcare functions to our attention. We sincerely apologize for the disruption and fully understand the critical importance of the affected systems. Our technical team has been notified and is actively investigating the underlying cause as a top priority. To assist us further, please provide specific error messages, screenshots, and details of the affected devices. This information will help us expedite the resolution. We will keep you updated on our progress.",Change,Service Outages and Maintenance,high,en,51,Disruption,Outage,Service,Healthcare,Medical Devices,Telehealth,,
Secure Patient Data Strategies,Could you please furnish comprehensive guidelines for securing patient data in hospital security solutions?,"We will provide detailed guidelines for securing patient data and allow for a convenient call to discuss hospital security solutions, offering necessary information regarding data security.",Request,Technical Support,low,en,52,Security,IT,Data Protection,Healthcare,Compliance,Privacy,,
Sicherheitsanliegen im Klinik-IT-Betriebssystem,"Es wurde im Klinik-IT-Betriebssystem ein unautorizierter Zugriff festgestellt, der potenziell die Sicherheit medizinischer Patientendaten gefährden könnte. Um diese Situation zu beheben, wurden Antivirusdefinitionen aktualisiert und Zugriffsprotokolle überprüft. Die Quelle der Verletzung wurde identifiziert.","Eine E-Mail über eine Sicherheitsfrage im Klinik-IT-Betriebssystem wurde erhalten. Es ist notwendig, das unautorisierte Zugriffsanliegen zu untersuchen und geeignete Maßnahmen zu ergreifen, um die Patientendaten zu schützen. Bitte geben Sie weitere Details zur Quelle der Verletzung an, um eine weitere Analyse durchzuführen.",Incident,Sales and Pre-Sales,medium,de,400,Security,Virus,IT,Tech Support,,,,
Query Regarding Medical Data Security Incident,"There was an incident involving potential unauthorized access to our medical data systems. This is likely due to inadequate security protocols and software vulnerabilities. We have updated the software and reviewed access logs, identifying some anomalies. We need your assistance to further investigate and enhance our security measures.","From [Name], writing to acknowledge the potential unauthorized access to the medical data systems. We understand the gravity of the situation and need a thorough investigation and enhancement of security measures. To better assist you, could you please provide details of the incident, including the date and time it occurred and any specific error messages you may have encountered. Additionally, it would be helpful to know the current security software and protocols in place. We would like to schedule a call to discuss this further.",Incident,Human Resources,low,en,400,Security,Incident,Virus,IT,Tech Support,,,
Ensuring WLAN Router Configurations Meet Medical Standards,Could you provide information on securing WLAN router configurations?,I can offer general guidelines for securing WLAN router configurations to meet medical standards. Please send a detailed document and schedule a call at <tel_num> to discuss specific requirements for your account <acc_num>.,Request,IT Support,medium,en,400,Hardware,Maintenance,Security,IT,,,,
Aktualisierung der Rechnungsstellungsintegration,"Es handelt sich um die Aktualisierung der Rechnungsstellungsintegration, um die Kompatibilität mit Salesforce CRM und QuickBooks zu verbessern.","Der Antrag zur Aktualisierung der Rechnungsstellungsintegration und der Kompatibilität mit Salesforce CRM und QuickBooks wurde erhalten und wird bearbeitet. Bitte warten Sie 24 Stunden und Sie werden benachrichtigt, sobald die Bearbeitung abgeschlossen ist.",Change,Billing and Payments,low,de,400,Billing,Payment,Feature,Documentation,,,,
Concern About Medical Data Security,"currently facing difficulties in securing medical data in our hospital systems. This might be due to outdated security protocols and insufficient staff training. To date, we have carried out a security audit and updated our firewall settings. However, we need assistance to ensure the security of our medical data. We would greatly appreciate your guidance and support in helping us resolve this issue. Kindly let us know the next steps to take.","thankful for reaching out regarding the issue of securing medical data within our hospital systems. To better assist you, could we discuss the current security setup and the audit that has been conducted? It would be possible to schedule a call at your convenience to go over the next steps and provide guidance on enhancing security protocols and staff training. Please let us know a suitable time for the call at <tel_num> so we can proceed with the necessary support.",Problem,Sales and Pre-Sales,low,en,400,Security,Training,IT,Tech Support,Feedback,,,
Support for Marketing Campaigns,"Our digital marketing campaigns are not performing well, leading to slower brand growth. Despite efforts to update our targeting strategies, the outcomes have been unsatisfactory. We need your assistance in pinpointing the problem and finding a solution to enhance our marketing efforts.","I would be glad to help with your marketing campaigns. To better understand the issue, I need some details on your current strategies and targeting methods. Please call <tel_num> so we can discuss and identify a solution together.",Incident,Sales and Pre-Sales,medium,en,400,Feedback,Sales,Performance,IT,Tech Support,,,
Inquiry Regarding Product Exchange Procedures,"Dear Customer Support Team,\n\nI hope this message finds you well. I am reaching out to request detailed information about the process involved in exchanging a recently purchased item. I would like to understand the individual steps, any necessary documentation, and the estimated timeframe for completing the exchange. Additionally, it would be helpful to know if there are specific conditions or restrictions within the exchange policy that apply.\n\nCould you please clarify whether there are shipping costs associated with returning the original packaging? I want to ensure I follow the correct procedures to avoid any delays.\n\nThank you very much for your assistance.","Thank you for contacting us regarding the product exchange. To proceed, please provide your order number and the reason for the exchange. Typically, items must be returned in their original packaging along with any accessories. An original receipt may be required. Shipping costs depend on the reason for the exchange; we will confirm this once we have the details. The exchange process generally takes 7-10 business days. Please share your order number so we can offer more specific instructions.",Request,Returns and Exchanges,medium,de,51,Product,Return,Refund,Policy,Documentation,Support,,
Address Decrease in Brand Engagement Amidst Utilized Digital Strategies,"Our marketing agency is experiencing a decline in brand engagement despite employing a variety of digital strategies. This may be due to outdated content and ineffective targeting. After analyzing performance metrics and attempting to refresh our campaigns, we have only achieved limited success. To enhance engagement, we need to reassess the content strategy and targeting methods to better resonate with the audience.","We understand your concern regarding the decrease in brand engagement despite the use of digital strategies. To better assist you, could you please provide us with information on your current content strategy and targeting methods? Additionally, it would be helpful to know the specific performance metrics you have analyzed and the campaigns you have refreshed. This information will allow us to provide tailored guidance on how to reassess your approach and improve engagement with your audience. We are available for a convenient call to discuss this further.",Problem,Human Resources,medium,en,400,Feedback,Performance,Product,Feature,Marketing,,,
Support for Airtable Integration,Could you please offer comprehensive documentation for integrating the SaaS platform Airtable with Google Keep?,"<name>, we can provide comprehensive documentation for integrating the SaaS platform Airtable with Google Keep. Our team sends detailed guides and instructions. If you have specific questions or need assistance setting it up, please let us know and we can schedule a call at your convenience at <tel_num>.",Request,Billing and Payments,medium,en,52,Feature,Documentation,Support,Integration,,,,
Assistance with Crash of Data Analytics Tool,The data analytics tool encountered a crash during investment analysis due to incompatible software updates.,"In addressing the crash issue with the data analytics tool, it appears the problem is likely due to incompatible software updates. To resolve this, I recommend rolling back the recent updates and installing a patch. If the issue persists, please provide the error message details and we can schedule a call at a convenient time for you to troubleshoot further.",Incident,Human Resources,low,en,400,Bug,Crash,Performance,IT,Tech Support,,,
Request for Assistance with Marketing Campaign Enhancement,"The digital campaigns managed by the marketing agency have recently underperformed, likely due to outdated tactics. Initial modifications resulted in only slight improvements. We require support to revamp our approach to enhance performance and achieve our goals. Eager to receive expert advice and assistance to get our campaigns back on track.","I would be pleased to assist in revitalizing your marketing campaigns. To better understand the current strategies and challenges, could you please share details about the recent adjustments made? Let's arrange a call at your convenience to discuss potential solutions and the next steps to bring your campaigns back to the desired performance levels.",Problem,Customer Service,medium,en,52,Marketing,Feedback,Performance,Support,Campaign,,,
Query on Medical Data Security with Apache Hadoop 3.2.1,"Hello, I am seeking clarification on how to secure medical data using Apache Hadoop 3.2.1. Could you provide details on the practices and protocols that ensure the confidentiality, integrity, and availability of sensitive medical information stored in Hadoop clusters? I would greatly appreciate any guidance on how to configure Hadoop to meet regulatory requirements such as HIPAA. Additionally, could you specify which security features and tools in Hadoop 3.2.1 can help protect medical data from unauthorized access and breaches?","Thank you for your inquiry regarding securing medical data with Apache Hadoop 3.2.1. To ensure the confidentiality, integrity, and availability of sensitive medical information, it is recommended to implement robust access controls, encryption, and authentication protocols. Hadoop 3.2.1 includes features such as Kerberos for authentication and data encryption at rest and in transit. We can discuss specific configurations and best practices to meet regulatory requirements like HIPAA in more detail. Please feel free to call at <tel_num> for further discussion.",Request,Service Outages and Maintenance,low,en,400,Security,IT,Documentation,Feedback,,,,
Detected Security Breach in Healthcare System,"A security breach has been detected in the healthcare provider's system, exposing patient records. This may have occurred due to outdated software vulnerabilities. To prevent future breaches, updated software and a thorough security audit are necessary. We need assistance in implementing additional security measures to enhance the system's defenses and protect sensitive patient information.","Thank you for bringing the security breach in the healthcare provider's system to our attention. We appreciate the proactive steps taken to update the software and conduct a security audit. To assist in preventing future breaches and enhancing the system's defenses, we recommend implementing a robust firewall, an intrusion detection system, and regular security updates. Additionally, we suggest conducting employee training on security practices and considering the implementation of multi-factor authentication. We would like to discuss these recommendations in more detail.",Problem,Returns and Exchanges,low,en,400,Security,IT,Tech Support,Maintenance,,,,
,"Dear Customer Support, I am reaching out to request enhancements for the data analytics tools used for investment optimization and performance tracking. The current tools offer valuable insights, but I believe additional features would significantly improve the decision-making process. Specifically, I would like to see the ability to track detailed metrics over time, which would help us refine our strategies and make more informed investment decisions. Please let me know if you need further information or if we should discuss this further via a call at <tel_num>.","Dear <name>, thank you for your email regarding the data analytics tools. We appreciate your feedback and will consider your request for enhancements, including the ability to track detailed metrics over time. We will provide an update on potential developments soon. Please let us know if you would like to follow up with a call at <tel_num>. Thank you.",Change,Customer Service,low,en,400,Feature,Performance,Feedback,Tech Support,,,,
,"Customer Support, I am seeking guidance on integrating Redis 6.2 SaaS to optimize project management performance. Could you provide a step-by-step guide and relevant documentation to assist us in achieving this integration? We aim to improve our project management efficiency and believe Redis 6.2 will play a crucial role in this effort. Your assistance and advice would be greatly appreciated. Thank you for your time and support. I look forward to your response soon.","<name> appreciates your interest in integrating Redis 6.2 SaaS to enhance project management performance. We understand the importance of optimized project workflows and are happy to assist you through the process. For the integration, we recommend consulting the detailed guide available on our support website. This guide offers a step-by-step walkthrough, including setup, configuration, and troubleshooting tips. Additionally, our comprehensive documentation portal features FAQs and a knowledge base to support your integration journey.",Request,Returns and Exchanges,low,en,52,Customer Support,Guidance,Project Management,Performance,Documentation,Assistance,Advice,Efficiency
Optimierung Datenanalyse Investitionen,"Ich möchte mich für einen Rat zur Optimierung von Datenanalyse und Investitionen in PostgreSQL und BigCommerce interessieren. Könnten Sie Einblicke geben und Werkzeuge effektiv nutzen, um Investitionsentscheidungen zu treffen? Ich freue mich darauf, Empfehlungen und Praktiken zu teilen und Ihre Unterstützung zu schätzen. Ich freue mich darauf, bald wiederzusprechen.","Um Ratschläge zur Optimierung von Datenanalyse und Investitionen in PostgreSQL und BigCommerce zu geben, bitte geben Sie mehr Details über Ihr aktuelles Setup und Ihre Investitionsziele an. Ich freue mich darauf, Empfehlungen und Praktiken zu teilen.",Request,Technical Support,high,de,400,Feedback,Performance,Feature,Documentation,,,,
Störung,"Sehr geehrter Kundendienst,\n\nich möchte einen Serviceausfall melden, der momentan die Datenanalyse-Workflows unseres Finanzunternehmens beeinträchtigt. Das Problem wurde vermutlich durch kürzliche Systemaktualisierungen verursacht, die kürzlich implementiert wurden. Trotz Neustarts der betroffenen Software und Geräte besteht das Problem weiterhin.\n\nUnser Team hat Schwierigkeiten beim Zugriff auf wichtige Daten, was die Durchführung unserer Aufgaben erheblich erschwert. Wir benötigen dringend Unterstützung bei der Behebung des Problems, um die Störung unseres Geschäftsbetriebs zu minimieren.\n\nKönnten Sie bitte die Angelegenheit prüfen und eine schnelle Lösung anstreben?","Bitte untersuchen Sie das Ausfallproblem und kontaktieren Sie <tel_num>, um weitere Details zu besprechen und eine möglichst schnelle Lösung zu finden.",Problem,Service Outages and Maintenance,high,de,52,Disruption,Outage,Recovery,Software,Security,,,
Support Required for Microsoft Dynamics 365 Integration,"I am seeking guidance on integrating Microsoft Dynamics 365 for data analytics and investment optimization. Could you provide detailed steps and best practices for this integration? I would also appreciate information on tools, resources, and documentation that can assist in achieving this goal. Additionally, are there any specific considerations or challenges to be aware of during the integration process? My aim is to leverage data analytics to inform investment decisions and enhance overall business performance. Thank you for your time and assistance. I look forward to your response.","Here is some general guidance on integrating Microsoft Dynamics 365 for data analytics and investment optimization. It is recommended to review Microsoft's official documentation and resources for detailed steps and best practices. If you'd like to discuss your specific requirements further, please let us know a convenient time for a call. You can reach us at <tel_num> to arrange a meeting and receive tailored assistance.",Request,General Inquiry,low,en,52,Feature,Documentation,Support,IT,Tech Support,,,
Reduce Digital Engagement Levels,"The agency is observing a decrease in engagement for its digital campaigns. An investigation has revealed a potential misalignment between the target audience and the messaging. Efforts to revise content and adjust targeting have been made to improve results, but further assistance is needed to identify the root cause and implement effective solutions to enhance engagement.",Need more details,Incident,Product Support,low,en,400,Feedback,Performance,Product,Documentation,,,,
Guidance on Securing Medical Data in Oracle,"I would like to know the best practices for securing medical data in the Oracle Database 19c. Could you provide details on the latest security features and how to implement them effectively? Specifically, what are the recommended steps for encrypting sensitive data and controlling access to it? Additionally, are there any specific configurations or settings that I should be aware of? I would appreciate any guidance or recommended resources on this topic.","I will provide information on securing medical data in the Oracle Database 19c, including encryption and access control practices. I recommend reviewing Oracle's official documentation and security guidelines for the latest features and configurations. I can offer a call to discuss specific implementation steps and settings at your convenience.",Request,Human Resources,medium,en,400,Security,Documentation,IT,Tech Support,,,,
Problem Identified in Investment Optimization Model,The investment optimization model is producing suboptimal recommendations due to the use of outdated data. Refreshing the dataset will resolve this issue.,We apologize for the issue with the investment optimization model. Please provide details on the outdated data inputs so we can investigate. We will schedule a call at your convenience to discuss possible solutions to resolve the issue with the model using your account <acc_num>.,Problem,General Inquiry,low,en,400,Bug,Performance,Documentation,,,,,
Enhancement of Agile Microservices Workflows,"Dear Customer Support Team,\n\nI kindly request an evaluation of the implementation adjustments for agile, microservice-oriented workflows within our SaaS platform. It is crucial to ensure seamless, cross-functional collaboration among teams, thereby boosting productivity and innovation. Additionally, prioritizing the optimization of our CI/CD processes is essential to enable faster and more reliable deployments.\n\nOur objective is to continually improve the security, scalability, and performance of the platform. Therefore, any modifications should aim to maintain robust security protocols while supporting scalable operations.",Please provide details of the current platform configuration and the workflow tools in use.,Change,General Inquiry,low,de,51,Feature,Workflow,Performance,IT,Tech Support,,,
Unregelmäßige Netzwerkunterbrechungen im Krankenhaus,"Der Gesundheitsdienstleister erlebte sporadische Netzwerkunterbrechungen, die das Krankenhaus beeinträchtigten. Dies könnte auf kürzliche Änderungen an der Firewall zurückzuführen sein. Die betroffenen Geräte wurden neu gestartet, und die Firewall-Protokolle wurden geprüft, jedoch ohne Erfolg. Zusätzliche Unterstützung ist notwendig, um das Problem zu beheben. Bitte geben Sie Anweisungen für die nächsten Schritte.","Überprüfung der Firewall-Updates und -Protokolle, um die Ursache für die intermittierenden Netzwerkunterbrechungen im Krankenhaus zu identifizieren. Stellen Sie bitte die Details der Firewall-Updates und -Protokolle für eine weitere Analyse bereit. Kontaktieren Sie <tel_num>, um die nächsten Schritte zu besprechen.",Incident,Service Outages and Maintenance,medium,de,52,Network,Disruption,Outage,Security,,,,
Security Incident in Data Systems,"A possible security compromise impacting the hospital's medical data systems has been detected. Preliminary analysis indicates that the breach may have resulted from obsolete protocols. Efforts are underway to reroute the network and consult with the technical team to address the problem. An investigation is essential to assess the scope of the breach and to implement safeguards to prevent recurrence. Protecting medical data security is of the highest priority, and appropriate measures have been initiated to maintain system integrity. The team is working diligently to resolve the issue.",We have received an email regarding the potential security incident and are currently reviewing the situation. Please refer to the email for updates on the actions being taken.,Incident,General Inquiry,medium,en,52,Security,Incident,Network,Investigation,Data,Breach,Protocol,Technical Support
Wachstum durch digitale Markenstrategien,"Geliebte Kundenservice, ich schreibe Ihnen, um mehr Informationen über digitale Strategie-Dienstleistungen bezüglich des Markenwachstums zu erhalten. Könnten Sie uns mehr Details zu den angebotenen Dienstleistungen geben, die Unternehmen unterstützen können? Ich freue mich darauf, genaue Informationen zu erhalten, einschließlich Preise für diese Dienstleistungen. Vielen Dank für Ihre Unterstützung und Ihre Zeit. Ich freue mich darauf, bald von Ihnen zu hören.","Geliebte [Name], vielen Dank, dass Sie sich bei uns für die Dienstleistungen im Bereich des Markenwachstums durch digitale Strategien gemeldet haben. Wir bieten eine Reihe von Dienstleistungen an, die darauf abzielen, Unternehmen im Online-Bereich präsentierbar zu machen und ihre Zielgruppe zu erreichen. Diese Dienstleistungen umfassen soziale Media-Management, Inhaltserstellung und Suchmaschinenoptimierung. Wir wären gerne bereit, weitere Informationen zu den Dienstleistungen und den zugehörigen Preisen bereitzustellen. Um eine anpassungsfähige Lösung anzubieten, die Ihren Bedürfnissen entspricht, könnten wir bitte mehr Informationen über Ihr Unternehmen erhalten, z.B. über Ihre aktuellen Online-Strategien.",Request,Customer Service,low,de,400,Feedback,Feature,Sales,IT,,,,
,"Sehr geehrter Kundenservice, ich bitte um detaillierte Dokumentationen und Best Practices für die Integration von Kubernetes Smart-Licht in unsere skalierbare SaaS-Projektmanagementplattform. Momentan befinden wir uns in der Planungs- und Implementierungsphase einer robusten Infrastruktur, um den Anforderungen unserer wachsenden Nutzerbasis gerecht zu werden. Wir sind der Meinung, dass Kubernetes Smart-Licht eine entscheidende Rolle in unserem Vorhaben spielen kann. Könnten Sie bitte verfügbare Ressourcen, Tutorials, Leitfäden oder Fallstudien bereitstellen, die beim Einstieg in die Integration hilfreich sein könnten? Jegliche Unterstützung ist willkommen.","<name>, vielen Dank, dass Sie unser Support-Team kontaktiert haben. Wir schätzen Ihr Interesse an der Integration von Kubernetes Smart-Licht in unsere SaaS-Projektmanagementplattform. Wir stellen allgemeine Dokumentationen und bewährte Methoden für die Integration bereit. Für eine spezifischere Anleitung, die auf Ihr Projekt zugeschnitten ist, bitten wir Sie, uns weitere Details zu Ihrer aktuellen Infrastruktur und spezifischen Anforderungen mitzuteilen. Dadurch können wir gezieltere Ressourcen und Unterstützung anbieten. Falls notwendig, können wir auch einen Anruf unter <tel_num> vereinbaren, um weitere Details zu besprechen. Wir freuen uns darauf, Sie bei der Integration zu unterstützen.",Request,Human Resources,medium,de,52,Product,Documentation,Feature,IT,Tech Support,,,
Anfrage wegen Datenschutzverletzung - Support,"Sehr geehrter Kundenservice, ich möchte Ihre Aufmerksamkeit auf ein kritisches Problem lenken, das bei einem Gesundheitsdienstleister aufgetreten ist. Es besteht der Verdacht auf eine potenzielle Datenfreigabe, die mehrere Softwaregeräte betrifft und auf eine Schwachstelle im Wireless-Adapter zurückzuführen ist. Das IT-Team hat versucht, das Problem durch Geräte-Resets und Software-Updates zu beheben, leider waren diese Maßnahmen erfolglos. Das Problem besteht weiterhin, was uns Sorgen hinsichtlich möglicher Risiken für die Datenintegrität unserer Systeme bereitet. Wir würden Ihre Unterstützung bei der Anleitung und schnellen Behebung des Problems sehr schätzen. Könnten Sie bitte die nächsten Schritte mitteilen?","Sehr geehrter <name>, danke, dass Sie uns wegen eines möglichen Datenlecks kontaktiert haben. Ich möchte mit Ihnen die beste Vorgehensweise besprechen. Könnten Sie bitte weitere Details zu den Wireless-Adapter sowie den betroffenen Softwaregeräten bereitstellen? Ich werde Sie anrufen, um zusätzliche Informationen zu sammeln. Wäre <time> ein geeigneter Zeitpunkt für einen Anruf unter <tel_num>?",Incident,Human Resources,medium,de,52,Security,Data Privacy,Software Vulnerability,Outage,Disruption,,,
Netzwerksystem ist ausgefallen,"Sehr geehrter Kundenservice, ich möchte Sie darüber informieren, dass mehrere kritische Produkte, darunter Mailchimp und das Videokonferenzsystem, momentan nicht funktionieren. Der Ausfall scheint auf einen Netzwerkfehler zurückzuführen zu sein, vermutlich verursacht durch ein kürzlich durchgeführtes Systemupdate. Unser Team arbeitet daran, das Problem zu beheben, indem es die betroffenen Dienste neu startet und die Netzwerkprotokolle überprüft. Leider haben diese Maßnahmen bisher keine Lösung gebracht. Wir vermuten, dass das Systemupdate eine Inkompatibilität verursacht haben könnte, die das Netzwerk beeinträchtigt. Wir sind besorgt über die Situation.","Sehr geehrter <name>, vielen Dank für Ihre Meldung bezüglich des Netzwerkproblems, das die kritischen Dienste wie Mailchimp und das Videokonferenzsystem betrifft. Wir entschuldigen uns für die Auswirkungen auf Ihre Geschäftsabläufe. Unser Technikteam arbeitet an der Untersuchung des Problems, wobei das kürzliche Systemupdate als mögliche Ursache im Fokus steht. Um den Vorgang weiter voranzutreiben, könnten Sie bitte den genauen Zeitpunkt des Systemupdates sowie relevante Details aus den Netzwerkprotokollen bereitstellen? Wir planen einen Anruf unter <tel_num>, um weitere Details zu besprechen und einen Zeitplan für die Lösung zu erstellen. Wären Sie zu einem bestimmten Zeitpunkt verfügbar, um die Angelegenheit gemeinsam zu besprechen?",Incident,Service Outages and Maintenance,high,de,52,Network,Outage,Disruption,Recovery,Maintenance,,,
Strategien für Markenwachstum,"Sehr geehrte Kundenservice, ich schreibe an, um Fragen zu digitalen Strategien zu stellen, wie man diese einsetzt, um das Markenwachstum zu fördern. Könnten Sie mir mehr Informationen zu den Methoden und Techniken geben, die Sie verwenden, um das Markenbewusstsein und die Zusammenarbeit mit den Kunden zu erhöhen? Ich freue mich darauf, Informationen zu erhalten und das Thema bereitzustellen, einschließlich erfolgreicher Kampagnen und Initiativen. Darüber hinaus würde ich gerne erfahren, welche Ressourcen und Werkzeuge empfohlen werden, die für Unternehmen geeignet sind, deren digitale Präsenz verbessert werden soll. Ich danke Ihnen für Ihre Unterstützung und freue mich darauf, von Ihnen zu hören.","Sehr geehrte [name], wir möchten Ihnen für Ihr Interesse an Markenwachstumsstrategien danken. Das Team nutzt eine Vielzahl von Methoden, um das Markenbewusstsein und die Zusammenarbeit mit den Kunden zu fördern, darunter Social-Media-Marketing, E-Mail-Marketing und Inhaltskreation. Erfolgreiche Kampagnen und Initiativen sind zielgerichtet und optimiert durch Datenanalyse. Firmen, die ihre digitale Präsenz verbessern möchten, werden empfohlen, bestimmte Werkzeuge wie Analysesoftware und Social-Media-Verwaltungskonfigurationen zu verwenden. Falls Sie eine Beratung wünschen, wäre ich gerne bereit, eine Verabredung zu vereinbaren. Bitte geben Sie mir ein geeignetes Zeitfenster, um mich telefonisch zu erreichen unter [tel_num].",Request,Billing and Payments,low,de,400,Feedback,Sales,Marketing,Documentation,,,,
,"request improvements for data analytics tools integration. current tools are sufficient, but need advanced features for informed decision-making. particularly, require enhanced data visualization, predictive modeling, and real-time reporting. these enhancements will help optimize investments and improve overall performance. would appreciate it if you could provide a timeline for the expected enhancements. your attention to this matter is greatly appreciated.","Dear [Name], thank you for your request to improve the data analytics tools integration. We understand the importance of advanced features such as data visualization, predictive modeling, and real-time reporting for making informed decisions. We will review your request and provide you with a timeline for the expected enhancements. To better understand your requirements, we may need to discuss further. We are available for a call at your convenience. Please let us know a suitable time to reach you at [Tel Num] to schedule the call and go over the details.",Change,General Inquiry,low,en,400,Feature,Feedback,Documentation,,,,,
Sicherung medizinischer Daten in Krankenhäusern,"Sehr geehrter Kundendienst, ich bitte um Ratschläge zur Sicherung medizinischer Daten durch den Einsatz von Mesh-Netzwerken in Simulink für Krankenhausumgebungen. Es ist bekannt, dass der Schutz sensibler Patientendaten im Gesundheitswesen von höchster Bedeutung ist. Ich bin daran interessiert, mehr darüber zu erfahren, welche Werkzeuge genutzt werden können, um Vertraulichkeit, Integrität und Verfügbarkeit medizinischer Informationen sicherzustellen. Könnten Sie Empfehlungen zu bewährten Praktiken für die Implementierung von Mesh-Netzwerken in Krankenhäusern geben? Ich würde eine Einschätzung des Themas, einschließlich relevanter Dokumentationen und verfügbarer Ressourcen, sehr schätzen.","Ihre Anfrage bezüglich Empfehlungen zur Sicherung medizinischer Daten mit Mesh-Netzwerken in Simulink wird geprüft. Bitte erlauben Sie mir, <tel_num> zu kontaktieren, um weitere Details zu besprechen.",Request,Technical Support,high,de,52,Security,Backup,Healthcare,Data Privacy,Network,Confidentiality,,
Investment Analytics Services,"I write to inquire about data analytics services that can improve investment decision-making. Could you provide information on various types of analyses that could help optimize investment decisions? I would be grateful if further details could be provided, including relevant case studies and references. Thank you in advance for your support and time. I look forward to hearing from you.","Dear <name>,\n\nThank you for your interest in our data analytics services for optimizing investment decisions. We offer a range of analytical solutions, including predictive modeling and portfolio analysis, which can help optimize investment decisions. Our services have been proven to increase returns and reduce risks for clients. We would be pleased to provide further information, including case studies and references, to demonstrate how our services can assist. If you would like to discuss the topics further, please contact us at <tel_num> to arrange a convenient time for a call.",Request,Customer Service,medium,de,400,Feedback,Product,Feature,Documentation,IT,Tech Support,,
Request for Support from RapidMiner Support Service,Could you provide more details on integrating RapidMiner with Project Management Software-as-a-Service to help simplify workflow processes and enhance productivity? Thank you for your support!,"I am pleased to assist with the integration of RapidMiner with Project Management Software-as-a-Service. Please provide the current workflow details so I can create a more tailored response. Additionally, let's schedule a call to discuss further.",Request,Customer Service,medium,de,400,IT,Tech Support,Feedback,,,,,
Potenzielle Datenschutzverletzung in Gesundheitsversorgungstechnik-System,Es wurde mögliche Datenschutzverletzung in unserem Gesundheitsversorgungstechnik-System festgestellt. Der unautorisierte Zugriff könnte aufgrund veralteter Sicherheitsprotokolle aufgetreten sein. Eine erste Prüfung wurde durchgeführt und ein Software-Update wurde installiert.,"Sehr geehrte/r [Name], Sie haben uns über mögliche Datenschutzverletzung in unserem Gesundheitsversorgungstechnik-System aufgrund veralteter Sicherheitsprotokolle informiert. Wir möchten Sie bedanken für Ihre Mitteilung und für die bereits unternommenen Schritte, einschließlich der Durchführung der ersten Prüfung und der Installation eines Software-Updates. Um den Vorfall genauer zu besprechen und die nächsten Schritte zu bestimmen, möchten wir Sie bitten, einen Anruf mit uns zu vereinbaren. Wenn Sie verfügbar sind, lassen Sie uns wissen, wann Sie uns am besten erreichen. [Telefonnummer] steht Ihnen jederzeit zur Verfügung. Vielen Dank und wir warten auf Ihre Rückmeldung. Viele Grüße",Incident,Human Resources,low,de,400,Security,IT,Tech Support,Maintenance,,,,
Digital Tools Malfunctioning,"Customer Support has reported that several digital tools used by the company, such as PowerPoint, JIRA, and Figma, are not functioning properly. This disruption is significantly affecting marketing initiatives and brand development efforts. The potential cause might be software incompatibility or system overload due to recent updates or network problems. The team has tried to resolve the issue by restarting devices and reinstalling applications, but the problems continue across multiple affected products.","<name>, I am writing to acknowledge the report regarding the malfunction of digital tools including PowerPoint, JIRA, and Figma, which are impacting marketing activities. I understand the urgency of the situation and am eager to assist in resolving it. Please provide details of any error messages encountered and the operating systems in use. I would like to arrange a call at <tel_num> to discuss the issue further and determine the appropriate course of action. Please let me know a convenient time for the call.",Incident,Technical Support,high,en,52,Bug,Disruption,Performance,Software Compatibility,,,,
Assistance with Recent Security Incident Report,"Customer Support, I am preparing a report on a recent security incident that occurred at the hospital. There was an unauthorized access incident that compromised the medical data in the hospital's systems. The incident may have been due to outdated security protocols or user errors. We have already attempted to update the security software and reviewed access logs, but the issue persists. I would greatly appreciate your guidance on how to resolve this issue and prevent future incidents. Please inform me of the next steps. Thank you for your assistance.","{name}, we acknowledge the reported security incident at the hospital. To assist you, we need information on the steps that have been taken so far. Please provide details on the compromised data and any security software updates that have been applied. We will schedule a call at {tel_num} to discuss the next steps and provide guidance on resolving the issue.",Incident,Returns and Exchanges,high,en,400,Security,IT,Tech Support,Bug,,,,
Request for Project Management Features Details,"While contacting Customer Support, we sought information on the integration options for SaaS project management features that enhance team collaboration, task assignment, and progress tracking. We are keen to learn about the various integration options available with third-party apps and services. Additionally, we would like to know more about the customization options, security measures, and scalability features of the platform. We appreciate your time and look forward to your response. We are eagerly awaiting your prompt reply.",We will provide information on the SaaS project management features and integration options via email at your convenience or schedule a call.,Request,Returns and Exchanges,medium,en,400,Feature,Feedback,Documentation,Tech Support,,,,
Update Payment Information for Avast SendGrid,Please update your billing details with Avast SendGrid to maintain uninterrupted access.,"Kindly update your billing details for Avast SendGrid. Please provide the updated information including your new address and payment method. You can reply to this email or discuss it over the phone, whichever is most convenient for you.",Change,Billing and Payments,high,en,400,Billing,Payment,Account,IT,,,,
Request for Information on Digital Brand Growth Strategies,Could you provide more details on the digital strategies that drive brand growth? This would greatly help us in making informed decisions. Thank you for your assistance.,"Dear [Name], thank you for reaching out to us regarding your query about digital brand growth strategies. We would be happy to discuss these strategies with you. To better understand your requirements, could you please provide us with information on your current digital presence and goals? This will enable us to provide tailored guidance and support. For a more detailed discussion, we prefer to speak over the phone. Please let us know a suitable time for a call at [Tel Number]. We look forward to assisting with your digital brand growth.",Request,Sales and Pre-Sales,medium,en,400,Feedback,Sales,Lead,Documentation,,,,
Issues with Financial Data Synchronization,"Customer Support, I am reaching out regarding inconsistent data synchronization causing delays in investment insights within our financial analytics products. Despite performing basic troubleshooting steps such as software updates, the problem remains unresolved. We suspect that there may be underlying integration issues. Our team has attempted to resolve this internally without success. We are concerned that this may affect our ability to make well-informed investment decisions. Could you please assist us in resolving this matter? Your help would be greatly appreciated.","<name> is writing to acknowledge receipt of your email concerning the issues with financial data synchronization and the resulting delays in investment insights within your financial analytics products. We understand that despite performing basic troubleshooting steps like software updates, the problem persists. To better assist you, please provide details of any error messages encountered and the steps you have taken so far. Additionally, knowing the specific integration involved would be helpful in diagnosing and resolving the issue.",Problem,Returns and Exchanges,high,en,52,Performance,Outage,Disruption,Recovery,Software Update,Integration,,
Fehlerhafte Analyseergebnisse in Investitionsoptimierungsmodul gemeldet,"Sehr geehrte Kundenservice,\n\nwir begegnen Schwierigkeiten im Zusammenhang mit dem Investitionsoptimierungsmodul, da unzutreffende Analyseergebnisse produziert werden. Das Problem scheint auf Integrationsschwierigkeiten mit externen Datenquellen zurückzuführen. Trotz mehrerer Versuche, die Eingabedaten neu zu synchronisieren und die Parametereinstellungen anzupassen, konnte das Problem bisher nicht gelöst werden.\n\nDie unzutreffenden Ergebnisse bereiten Schwierigkeiten bei der Fehlernährung von Investitionsentscheidungen und wir benötigen Hilfe, um das Problem so schnell wie möglich zu lösen. Wir freuen uns auf Rat und Unterstützung, um die Integration externer Datenquellen zu klären und die Parametereinstellungen anzupassen, sodass die Analyseergebnisse korrekt sind.\n\nBitte","Sehr geehrte [name],\n\nvielen Dank, dass Sie uns über die Fehlerhafte Analyseergebnisse im Investitionsoptimierungsmodul informieren. Leider können wir derzeit keine fundierten Investitionsentscheidungen treffen, da die Schwierigkeiten bestehen bleiben. Wir verstehen die Dringlichkeit und sind entschlossen, so schnell wie möglich eine Lösung für das Problem zu finden.\n\nUm das Problem besser zu verstehen, könnten Sie uns bitte mehr Details zur Integration externer Datenquellen und den Parametereinstellungen geben, die Sie bisher angepasst haben. Zusätzlich wäre es hilfreich, wenn Sie uns genaue Fehlermeldungen zu den Ergebnissen angeben könnten.\n\nWir vereinbaren eine Anrufzeit, um dies zu klären.",Problem,Customer Service,low,de,400,Bug,Performance,Product,Tech Support,,,,
Konnektivitätsprobleme bei integriertem Produkt,"Mehrere Produkte zeigen sporadische Verbindungsstörungen, die die Projektmanagement-Workflows beeinträchtigen. Diese Konflikte könnten durch kürzlich durchgeführte Software-Updates und Änderungen an der Netzwerkkonfiguration verursacht worden sein. Die Fehlerbehebung umfasste das Neustarten der Geräte und die Überprüfung der Konfigurationen, jedoch wurde das Problem nicht vollständig gelöst. Es wird weitere Unterstützung benötigt, um die Probleme zu beheben.","Sehr geehrte/r <name>,\n\nich möchte das Problem der Konnektivitätsprobleme bei Ihrem integrierten Produkt anerkennen. Unser Ziel ist es, eine Lösung für das Problem zu finden. Um das Problem besser zu verstehen, bitten wir Sie, uns weitere Details zu den kürzlich durchgeführten Software-Updates und den Änderungen an der Netzwerkkonfiguration mitzuteilen. Zusätzlich wäre es hilfreich, die genauen Fehlermeldungen zu kennen, um die Ursachen zu identifizieren.\n\nGerne können wir einen Anruf vereinbaren, um das Problem gemeinsam zu besprechen und eine Lösung zu finden. Bitte teilen Sie uns eine passende Zeit unter <tel_num> mit, damit wir Sie zurückrufen können.\n\nMit freundlichen Grüßen",Incident,Sales and Pre-Sales,medium,de,52,Network,Disruption,Troubleshooting,Hardware,,,,
Problem mit Elasticsearch-Update,Mehrere SaaS-Dienste funktionieren sporadisch nicht ordnungsgemäß.,"Wir prüfen das Elasticsearch-Updateproblem, das zu gelegentlichen Ausfällen bei SaaS-Funktionen führt. Bitte stellen Sie zusätzliche Informationen zu den betroffenen Diensten sowie die angezeigten Fehlermeldungen bereit. Kontaktieren Sie <tel_num>, um bei Bedarf weitere Schritte zu besprechen.",Incident,IT Support,high,de,52,Performance,Bug,IT,Tech Support,,,,
Report on Connectivity Issues at Financial Institution,"The financial organization is experiencing connectivity disruptions across multiple products, potentially caused by software conflicts or network disruptions. Initial troubleshooting steps included restarting devices and updating software, but the issue persists. Additional diagnostic support is needed to identify and resolve the disturbances. The company's operations are heavily impacted, making a prompt resolution essential to minimize losses. The problem was first noticed during peak hours, causing significant inconvenience to customers and staff. The IT team is actively investigating to determine the root cause, but no definitive solution has been found yet.",Received an email regarding connectivity issues at the financial organization.,Incident,Customer Service,medium,de,52,Network,Disruption,Connectivity,IT,Tech Support,,,
Implement Voice Text Feature,Request for simplification of voice-to-text documentation,Examine the voice text integration functionality,Change,Sales and Pre-Sales,high,en,400,Feature,Documentation,,,,,,
Fähigkeiten der Integration von WooCommerce in das Sage-Buchhaltungssystem,"Lieber Kundensupport, wir möchten uns die Integrationsmöglichkeiten zwischen der SaaS-Plattform WooCommerce und Ihrem Sage-Buchhaltungs-System genauer ansehen. Könnten Sie uns bitte Details zu verfügbaren APIs, Plugins oder Werkzeugen zur Verfügung stellen, mit denen Systeme integriert werden können? Wir wären dankbar für Informationen über mögliche Einschränkungen oder Anforderungen an die Integration. Zudem wäre es hilfreich, wenn Sie spezifische Konfigurationsschritte und unterstützende Ressourcen zur Verfügung stellen könnten, um einen reibungslosen Integrationsprozess zu gewährleisten. Wir freuen uns auf Ihre Rückmeldung und würden uns freuen, die Plattform für unsere e-Commerce- und Buchhaltungsbedürfnisse zu evaluieren.","Wir unterstützen die Integration von WooCommerce in das Sage-Buchhaltungssystem durch die Nutzung von APIs und Plugins. Bitte geben Sie für die spezifische Integration Ihre Kontoinformationen an, damit wir die besten Konfigurationsschritte besprechen können, um Ihren Integrationsbedürfnissen gerecht zu werden.",Request,General Inquiry,medium,de,52,Feature,Integration,API,Plugin,Support,Documentation,,
Sicherheitsvorfall bei medizinischen Daten,"Es wurde eine mögliche Sicherheitsverletzung im Zusammenhang mit den IT-Systemen des Krankenhauses festgestellt, die medizinische Daten betrifft. Erste Analysen deuten darauf hin, dass die Verletzung wahrscheinlich durch veraltete Protokolle verursacht wurde. Es wurden Versuche unternommen, das Netzwerk umzuleiten und das IT-Team wurde konsultiert, um das Problem zu beheben. Eine weitergehende Untersuchung ist notwendig, um den Umfang des Vorfalls zu bestimmen und geeignete Maßnahmen zu ergreifen, um zukünftige Vorfälle zu verhindern. Der Schutz der medizinischen Daten ist von höchster Bedeutung, daher wurden die erforderlichen Schritte eingeleitet, um die Integrität der Daten zu sichern.",Eine E-Mail bezüglich einer möglichen Sicherheitsverletzung wurde erhalten. Die Situation wird geprüft. Eine Folge-E-Mail mit weiteren Updates zu den ergriffenen Maßnahmen wurde versendet.,Incident,General Inquiry,medium,de,52,Security,IT,Disruption,Investigation,Network,Data Breach,,
,"geehrte Kundensupport, ich habe das Ziel, digitale Strategien für die Verbesserung von Marengrowth zu nutzen. Insbesondere interessiert mich die Erläuterung, wie ich Squarespace und Slack nutzen kann, um mein Ziel zu erreichen. Könnten Sie Hinweise geben, wie bestimmte Werkzeuge zur Erhöhung der Marensichtbarkeit und des Engagements eingesetzt werden können? Ich freue mich auf Ratschläge und Empfehlungen. Darüber hinaus möchte ich mehr über die Integration von Squarespace und Slack erfahren, um die gegenseitige Unterstützung der Werkzeuge und die Förderung von Marengrowth zu verbessern. Vielen Dank.","Wir bedanken uns für Ihre Anfrage bezüglich der Nutzung von Squarespace und Slack für Marengrowth. Squarespace hilft, die Onlinepräsenz und die Website sowie E-Commerce-Werkzeuge zu verbessern, während Slack Teamkommunikation und Kooperation fördert. Um Marensichtbarkeit und das Engagement zu erhöhen, können Sie bestimmte Werkzeuge nutzen, um eine attraktive Website zu erstellen und die Teamprozesse und Inhaltscreation effizienter zu gestalten. Die Integration von Squarespace und Slack ermöglicht effizientes Projektmanagement und Kommunikation, was das Team bei der gemeinsamen Verfolgung von Zielen unterstützt. Wir werden Ihnen gerne mehr spezifische Ratschläge und Empfehlungen geben.",Request,General Inquiry,high,de,400,Feedback,Feature,Documentation,IT,Tech Support,,,
Unterstützung bei digitalen Strategien,"Ich möchte mich erkundigen, wie digitale Strategien eingesetzt werden können, um das Marktwachstum voranzutreiben. Können Sie detaillierte Informationen zu Methoden und Techniken bereitstellen, die verwendet werden, um die Markenbekanntheit und das Kundenengagement zu steigern? Es wäre hilfreich, wenn Sie relevante Daten und Fallstudien teilen könnten, um die Wirksamkeit der Strategien zu belegen. Außerdem interessiere ich mich für maßgeschneiderte Lösungen, die Unternehmen anbieten, um ihre Online-Präsenz zu verbessern. Bitte informieren Sie mich über spezifische Anforderungen und Verfahren, die bei der Umsetzung dieser Strategien zu beachten sind. Ich freue mich auf Ihre Rückmeldung.","Sehr geehrter Kunde, vielen Dank, dass Sie uns kontaktiert haben. Wir schätzen Ihr Interesse an digitalen Strategien zur Steigerung des Marktwachstums. Wir verwenden eine Vielzahl von Methoden, darunter Social-Media-Marketing und Content-Erstellung, um die Markenbekanntheit und das Kundenengagement zu erhöhen. Gerne bieten wir maßgeschneiderte Lösungen an, um die Online-Präsenz Ihres Unternehmens zu verbessern. Für weitere Details vereinbaren wir gerne einen Telefontermin. Bitte teilen Sie uns einen passenden Zeitpunkt mit, oder kontaktieren Sie uns unter <tel_num>. Wir freuen uns darauf, gemeinsam Strategien zu entwickeln, die Ihrem Unternehmen <acc_num> zugutekommen.",Request,Product Support,medium,de,52,Strategy,Marketing,Digital,Business Growth,Brand Awareness,Customer Engagement,Case Study,Online Presence
Fehlerhafte Gebühr in letzter Rechnungsstellung aufgrund eines Systemsproblems,"Es tut uns leid, dass Sie eine falsche Gebühr in Ihrer letzten Rechnungsstellung haben. Dies wurde durch ein Systemproblem verursacht.",Wir entschuldigen uns für den Fehler. Die falsche Gebühr in Ihrer letzten Rechnungsstellung wurde durch ein Systemsproblem verursacht. Wir werden uns schnellst möglich darum kümmern und korrigieren.,Incident,Billing and Payments,medium,de,400,Billing,Refund,Outage,Performance,,,,
Request for Security Enhancement Support,"Drafting a request to improve security protocols to safeguard medical data within hospital infrastructure and the healthcare environment. Present security measures are deemed adequate in preventing cyber threats and data breaches. However, I would like to request the implementation of stronger security protocols, including encryption, firewalls, and routine security updates. This will help ensure the confidentiality, integrity, and availability of medical information, thereby preventing potential harm to patients. I believe this is a crucial step in safeguarding the healthcare setting.","<name> We appreciate your concern regarding the security of medical data and hospital infrastructure and are happy to assist with your request. Protecting patient information is of the highest importance to us, and we are committed to taking necessary measures to prevent cyber threats and data breaches. Your request has been forwarded to the security team for review of current protocols and to assess the need for additional measures such as encryption, firewalls, and regular updates. A comprehensive risk assessment will be conducted to identify any potential vulnerabilities within the system.",Change,Product Support,medium,en,52,Security,IT,Cyber Threat,Encryption,Firewall,Healthcare,Infrastructure,
Problem mit der Investment-Analytics-Plattform entdeckt,"Die Investment-Analytics-Plattform des Unternehmens ist unerwartet abgestürzt, vermutlich infolge kürzlicher Updates an Inkscape und Simulink. Erste Maßnahmen zur Fehlerbehebung umfassten das Neustarten der betroffenen Systeme und die Überprüfung der Softwarekompatibilität; bisher war dies erfolgreich. Das Problem führt zu erheblichen Störungen im täglichen Geschäftsbetrieb, weshalb dringend Unterstützung benötigt wird, um die Ursache zu beheben. Bitte geben Sie eine Anleitung für die nächsten Schritte oder mögliche Lösungen, die das Team anbieten kann, und schätzen Sie den Aufwand.","Das Problem prüfen und unter <tel_num> Kontakt aufnehmen, um die nächsten Schritte zu besprechen und potenzielle Lösungen für den Absturz der Investment-Analytics-Plattform zu erörtern.",Incident,Product Support,medium,de,52,Crash,Performance,Outage,Recovery,Software,Update,,
Assistance with Invoice Details,"Could you provide comprehensive billing information, including payment options, for the services used by the company on Pluralsight Magento?","Please provide detailed billing information and available payment methods for the services on Pluralsight Magento. To do so, I need the account number to retrieve specific details. Kindly reply with the account number and send the necessary information regarding the invoice and payment options available.",Request,Billing and Payments,medium,de,52,Billing,Payment,Invoice,Customer Service,,,,
Investigation into Drops in Investment Returns,"Noted a sudden decrease in investment returns. This could be due to outdated data sets or flawed analytics models. So far, data sources have been reviewed and models recalibrated, but returns are still below optimal levels. Assistance in resolving this is greatly appreciated.","Would be happy to help with the issue of investment returns. To better understand the problem, could you please provide details on the data sources and analytics models that have been reviewed? Additionally, knowing your account number and contact information would be helpful as we look further into this, and I would be available to discuss next steps by phone if that is more convenient.",Problem,Returns and Exchanges,medium,en,400,Bug,Performance,Documentation,Feedback,,,,
,"Sehr geehrter Kundenservice, ich möchte eine Aktualisierung unserer Digitalstrategie beantragen, um das Wachstum unserer gelisteten Produkte auf verschiedenen Plattformen zu fördern. Obwohl unsere bisherige Strategie in der Vergangenheit erfolgreich war, erzielen wir nun bessere Ergebnisse. Wir sind der Ansicht, dass eine umfassende Überprüfung und Aktualisierung unserer Digitalstrategie uns dabei helfen wird, besser mit unserer Zielgruppe zu interagieren, die Markenbekanntheit zu steigern und letztlich den Umsatz zu erhöhen. Besonders möchten wir neue Social-Media-Kanäle erkunden und die Website durch eine verbesserte Benutzererfahrung optimieren.","Sehr geehrter <Name>, vielen Dank, dass Sie uns bezüglich der Aktualisierung Ihrer Digitalstrategie kontaktiert haben. Gerne unterstützen wir Sie bei der Überprüfung und Aktualisierung Ihrer aktuellen Strategie, um das Markenwachstum zu fördern. Um Ihnen bestmöglich helfen zu können, benötigen wir weitere Informationen zu Ihrer aktuellen digitalen Präsenz und Ihren Zielen. Könnten Sie uns bitte Details zu Ihrer aktuellen Website und Ihren Social-Media-Aktivitäten mitteilen? Im Anschluss vereinbaren wir einen Termin für einen Anruf, um die nächsten Schritte zu besprechen sowie Empfehlungen zur Optimierung Ihrer Website und zur Erkundung neuer Social-Media-Kanäle zu geben.",Change,Service Outages and Maintenance,medium,de,52,Feedback,Strategy,Product,Marketing,Performance,,,
Request for Enhancing Maintenance Schedule for Better Performance,"Hello Customer Support, I am writing to request an update to our maintenance schedule. During peak usage hours, the service experiences significant downtime, leading to lost productivity and revenue. I kindly request that the maintenance schedule be revised to minimize downtime during these hours, as this would greatly improve the overall service performance and user experience. I would appreciate it if this matter could be addressed as soon as possible. Please let me know if there is any additional information needed.","Dear [Name], we have received your request to update the maintenance schedule to minimize downtime during peak usage hours. We will investigate this matter and require any additional information you may have. Please allow us to review and propose a revised schedule as soon as possible.",Change,Service Outages and Maintenance,low,en,400,Maintenance,Performance,Disruption,Recovery,Feedback,,,
Marketing Agency Encountered Service Disruptions,The marketing agency faced service interruptions which might be due to network instability or software compatibility issues.,"We apologize for the service interruptions experienced by the marketing agency. To assist further, could you please provide details of the issues encountered? We will investigate possible network instability or software compatibility problems. If needed, we can schedule a call to discuss the matter further; please let us know a convenient time to reach you at <tel_num>.",Incident,Service Outages and Maintenance,medium,en,400,Disruption,Network,Performance,IT,Tech Support,,,
Incident Affecting Multiple Products Today,"An incident has occurred, impacting multiple products: KNIME, Bitbucket, DocuSign, Chef, RAM, Express.js 4.17, Soundbar, ClickUp, Slack, Logitech StreamCam. The potential cause is incompatibilities or resource shortages, possibly due to recent system updates or configuration changes. Initial steps included restarting affected services, reviewing system logs, and rolling back recent updates; however, the issue persists.","We acknowledge the incident affecting multiple products including KNIME, Bitbucket, DocuSign, Chef, RAM, Express.js 4.17, Soundbar, ClickUp, Slack, and Logitech StreamCam. The possible cause is incompatibilities or resource shortages due to recent system updates or configuration changes. We appreciate the steps taken so far to resolve the issue, including restarting affected services, reviewing system logs, and rolling back recent updates. We will continue to troubleshoot the issue.",Incident,General Inquiry,low,en,52,Bug,Outage,Disruption,Recovery,Maintenance,,,
Anfrage zu Digitalen Strategien und Förderprogrammen,"Sehr geehrter Kundenservice, ich möchte mich nach Fördermöglichkeiten für digitale Strategien erkundigen, insbesondere im Zusammenhang mit der Implementierung von AR-Brillen, Google Nest Wifi Routern und ähnlichen Technologien. Könnten Sie bitte weitere Details zu Ansätzen geben, die zur Nutzung, Sensibilisierung und Verkaufsförderung dieser Produkte beitragen? Ich freue mich über jegliche Informationen zu Marketingtaktiken, einschließlich Social-Media-Kampagnen, Influencer-Kooperationen und Werbekanälen. Ihre Unterstützung hilft mir, die Werbemaßnahmen besser zu verstehen und Feedback zu geben. Vielen Dank für Ihre Zeit, ich freue mich auf Ihre Rückmeldung.","<name>, vielen Dank für Ihre E-Mail bezüglich unserer digitalen Strategien und Förderprogramme für AR-Brillen sowie Google Nest Wifi Router. Wir schätzen Ihr Interesse an unseren Marketingmaßnahmen. Unsere Taktiken umfassen Social-Media-Kampagnen, Influencer-Partnerschaften und gezielte Werbekanäle, um das Bewusstsein zu steigern und den Verkauf zu fördern. Wir nutzen Plattformen wie Facebook, Twitter und Instagram, um die Zielgruppe effektiv zu erreichen. Für detailliertere Informationen können wir gerne ein Telefonat vereinbaren. Wären Sie für einen Anruf zu einem passenden Zeitpunkt verfügbar? Bitte teilen Sie uns eine geeignete Zeit mit. Sie erreichen uns unter <tel_num>.",Request,Product Support,high,de,52,IT,Tech Support,Feedback,,,,,
Supportfunktionen und Skalierbarkeit,"Kontaktieren Sie uns, um mehr über die Skalierbarkeitsfunktionen und Supportoptionen für Ihr SaaS-Projekt zu erfahren. Bitte geben Sie mehr Details an, da Ihr Projekt starke Verkehrssteigerungen und die Bearbeitung großer Datensätze erwartet. Der Support bietet seine Dienste an, aber gibt es zusätzliche Kosten damit verbunden? Ich freue mich auf Ihre Rückmeldung, damit ich Ihnen die Skalierbarkeitseigenschaften unseres Projekts präsentieren kann.",Bald erhalten Sie Informationen zu den Skalierbarkeitsoptionen und den Supportfunktionen unseres SaaS-Projekts.,Request,Human Resources,low,de,400,Feature,Performance,IT,Tech Support,Feedback,,,
Sicherheitsmaßnahmen für Krankenhaus-IT-Systeme mit SAP ERP,"Sehr geehrter Kundenservice, ich möchte mich erkundigen, ob die IT-Systeme in Krankenhäusern, insbesondere SAP ERP Central Component 6.0, ausreichend geschützt sind. Da Krankenhäuser sensible Patientendaten verarbeiten, sind robuste Sicherheitsmaßnahmen erforderlich, um Datenverluste und Cyber-Bedrohungen zu verhindern. Ich interessiere mich für zusätzliche Sicherheitsfunktionen und Schutzmöglichkeiten, die SAP ERP Central Component 6.0 bietet. Könnten Sie bitte detaillierte Informationen zu den verfügbaren Sicherheitsmodulen und deren Funktionen bereitstellen? Außerdem","Sehr geehrter <name>, vielen Dank für Ihre E-Mail bezüglich der Sicherheitsvorkehrungen für Krankenhaus-IT-Systeme mit SAP ERP Central Component 6.0. Gerne stelle ich Ihnen Informationen zu den Sicherheitsfunktionen und bewährten Praktiken für deren Implementierung zur Verfügung. Für eine detaillierte Antwort mit Angaben zu Verschlüsselungsmethoden, Zugriffskontrollmechanismen und weiteren Sicherheitsmaßnahmen senden wir Ihnen die entsprechenden Unterlagen zu. Alternativ können Sie <tel_num> anrufen, um weitere Details persönlich zu besprechen.",Request,Sales and Pre-Sales,high,de,52,Security,IT,Data Protection,Cyber Threats,System Security,Hospital IT,SAP ERP,
Challenge with Digital Products,"A marketing agency has encountered unexpected outages affecting several digital products, which may have been caused by recent changes in system update configurations. Troubleshooting efforts have involved restarting devices and checking network connectivity.","Dear [Name], I regret to hear that the marketing agency is facing issues with digital products. To help investigate, could you please provide details on the recent system update configuration changes? Additionally, knowing the exact error messages and symptoms would be very helpful. I would like to schedule a call at your earliest convenience to discuss this further. Please let me know a suitable time for the call at <tel_num>. ",Incident,Technical Support,medium,en,400,Outage,Disruption,Network,Performance,IT,Tech Support,,
Seeking Information on Zoho CRM Integration Capabilities,I am keen on integrating the Zoho CRM SaaS solution. Could you provide details on its integration capabilities? I would like to know about the process and the potential benefits.,"We offer integration with the Zoho CRM API, which enables seamless data synchronization and workflow automation. The integration process is straightforward, and our support team is available to assist. The benefits include enhanced customer insights, streamlined sales processes, and improved productivity. I would be happy to discuss these in more detail and explore the options further with you.",Request,Human Resources,low,en,400,Feedback,Product,Feature,Sales,,,,
Mangelnde Funktionalität des Arztzeitungs-Systems,"Es trat unerwartet ein Ausfall des Arztzeitungs-Systems auf. Mögliche Ursachen sind Software-Updates, Netzwerkunstabilität und Hardwarefehler. Der erste Schritt zur Fehlerbehebung bestand darin, die Geräte neuzustarten und die Netzwerkverbindungen zu überprüfen, allerdings blieben die Probleme bestehen. Der Ausfall behindert die aktuelle Fähigkeit, kritische Patientendaten zu zuzugreifen, daher wird dringend Hilfe benötigt, um das Problem zu beheben.","Kontaktieren Sie bitte bezüglich des gemeldeten Fehlers das Arztzeitungs-System. Verstehe die Dringlichkeit einer Lösung, da der Zugriff auf kritische Patientendaten beeinträchtigt wird. Bitte geben Sie mehr Details zu den Software-Updates und Netzwerkunstabilitäten, um das Troubleshooting zu erleichtern. Ich möchte zeitnah telefonieren, um das Problem weiter zu diskutieren und eine Lösung zu finden. Geben Sie bitte eine geeignete Zeit an, um angerufen zu werden. Falls Sie stattdessen lieber per E-Mail kontaktiert werden möchten, tätige ich dies. Sorgen Sie dafür, dass das technische Team involviert ist.",Incident,Service Outages and Maintenance,high,de,400,Bug,Outage,Network,Performance,Hardware,IT,Tech Support,
Healthcare Data Security Incidents Causing Disruptions,"Customer Support is drafting a report concerning a critical issue faced by a healthcare provider. Recently, there have been multiple breaches of medical data leading to hospital operational disruptions. Preliminary investigations indicate that outdated security protocols may be the root cause. Attempts to resolve the problem by applying patch updates and reconfiguring firewalls have been unsuccessful. These breaches have caused considerable downtime and compromised patient information, which is a major concern for us. We are worried about the potential repercussions of these incidents.","<name>, this is to acknowledge receipt of your email regarding the medical data breaches and disruptions at the healthcare facility. We understand the urgency and severity of the situation and the potential consequences of these breaches. Please be assured that we take this matter very seriously and are committed to providing the necessary support to resolve the issue. To better understand the problem and assist in finding a solution, we kindly request additional details, including the specific patch updates applied and the firewall reconfigurations performed.",Problem,Returns and Exchanges,high,en,52,Security,Disruption,Outage,Data Breach,,,,
